il kodu,il,0,1,2,3,4,5,6,7,8,9,10,11,12
1,Adana,Ortalama Sıcaklık (°C),9.5,10.6,13.5,17.6,21.9,25.6,28.3,28.7,26.2,21.8,16.0,11.3
1,Adana,Ortalama En Yüksek Sıcaklık (°C),14.8,16.2,19.4,23.8,28.3,31.7,33.9,34.7,33.1,29.1,22.7,16.9
1,Adana,Ortalama En Düşük Sıcaklık (°C),5.3,6.0,8.3,11.9,15.8,19.8,23.0,23.5,20.2,15.8,10.8,7.0
1,Adana,Ortalama Güneşlenme Süresi (saat),4.5,5.3,5.9,7.1,9.1,10.5,10.7,10.2,9.0,7.3,5.8,4.3
1,Adana,Ortalama Yağışlı Gün Sayısı,,,,,,,,,,,,
1,Adana,Aylık Toplam Yağış Miktarı Ortalaması  (mm),112.5,88.7,65.8,51.9,48.1,22.1,10.2,9.3,19.1,43.0,71.7,125.8
1,Adana,En Yüksek Sıcaklık (°C),26.5,28.5,32.0,37.5,41.3,42.8,44.4,45.7,45.1,41.5,34.3,30.8
1,Adana,En Düşük Sıcaklık (°C),-8.1,-6.6,-4.9,-1.3,5.6,9.2,13.2,14.8,9.3,3.5,-4.3,-4.4
2,Adıyaman,Ortalama Sıcaklık (°C),4.6,6.0,10.0,15.1,20.6,26.7,31.1,30.7,26.0,19.3,11.8,6.7
2,Adıyaman,Ortalama En Yüksek Sıcaklık (°C),8.7,10.5,15.0,20.7,26.8,33.3,37.9,37.8,33.2,25.7,17.1,10.8
2,Adıyaman,Ortalama En Düşük Sıcaklık (°C),1.4,2.5,5.6,10.0,14.4,19.8,23.8,23.5,19.2,13.8,7.7,3.5
2,Adıyaman,Ortalama Güneşlenme Süresi (saat),3.8,4.6,5.8,7.4,9.4,11.6,12.1,11.4,9.7,7.3,5.4,3.9
2,Adıyaman,Ortalama Yağışlı Gün Sayısı,12.52,11.62,11.95,10.93,8.51,2.56,0.64,0.49,1.33,6.54,8.85,11.72
2,Adıyaman,Aylık Toplam Yağış Miktarı Ortalaması  (mm),138.5,98.0,91.7,64.7,42.9,8.1,1.7,2.2,7.5,44.5,79.7,135.6
2,Adıyaman,En Yüksek Sıcaklık (°C),19.9,23.8,28.3,34.5,39.0,41.5,45.3,45.2,42.2,36.1,29.4,26.5
2,Adıyaman,En Düşük Sıcaklık (°C),-14.4,-10.0,-7.0,-2.0,3.4,10.6,15.0,15.8,9.6,2.2,-3.5,-8.4
3,Afyonkarahisar,Ortalama Sıcaklık (°C),0.3,1.8,5.2,10.4,15.0,18.9,22.2,22.2,17.9,12.5,7.0,2.5
3,Afyonkarahisar,Ortalama En Yüksek Sıcaklık (°C),4.6,6.5,10.9,16.4,21.3,25.6,29.5,29.7,25.3,19.4,12.9,6.7
3,Afyonkarahisar,Ortalama En Düşük Sıcaklık (°C),-3.5,-2.4,0.1,4.2,8.2,11.3,13.8,13.7,9.9,5.9,1.8,-1.3
3,Afyonkarahisar,Ortalama Güneşlenme Süresi (saat),2.9,4.1,5.0,6.4,8.0,9.7,11.1,10.5,8.8,6.4,4.7,2.8
3,Afyonkarahisar,Ortalama Yağışlı Gün Sayısı,12.66,11.95,12.05,11.51,12.21,8.21,3.69,3.22,4.46,7.36,8.43,12.37
3,Afyonkarahisar,Aylık Toplam Yağış Miktarı Ortalaması  (mm),44.7,39.4,45.2,45.3,56.1,42.4,21.7,13.2,21.4,35.0,33.6,46.5
3,Afyonkarahisar,En Yüksek Sıcaklık (°C),18.1,21.8,26.4,30.2,33.9,35.8,39.8,39.6,37.2,31.3,26.3,21.0
3,Afyonkarahisar,En Düşük Sıcaklık (°C),-27.0,-25.3,-17.0,-7.6,-3.1,1.0,4.0,2.4,-3.2,-7.9,-20.5,-24.3
4,Ağrı,Ortalama Sıcaklık (°C),-10.5,-9.1,-3.0,6.0,12.0,16.5,21.1,21.3,16.4,9.3,1.7,-6.3
4,Ağrı,Ortalama En Yüksek Sıcaklık (°C),-5.3,-3.4,2.2,11.8,18.7,24.3,29.3,30.1,25.5,17.4,8.0,-1.6
4,Ağrı,Ortalama En Düşük Sıcaklık (°C),-15.5,-14.4,-7.8,0.7,5.3,8.2,12.1,11.9,7.0,2.0,-3.5,-10.5
4,Ağrı,Ortalama Güneşlenme Süresi (saat),2.3,3.1,4.3,5.8,7.6,9.6,10.3,9.8,9.0,6.6,4.3,2.3
4,Ağrı,Ortalama Yağışlı Gün Sayısı,11.63,11.23,12.32,14.21,15.51,10.01,5.68,3.86,4.32,8.85,8.35,10.75
4,Ağrı,Aylık Toplam Yağış Miktarı Ortalaması  (mm),43.6,47.4,52.8,70.5,69.8,43.7,21.6,12.6,18.4,53.0,46.5,44.0
4,Ağrı,En Yüksek Sıcaklık (°C),9.6,13.0,21.5,27.2,32.7,37.9,39.8,39.9,35.3,29.2,19.8,16.0
4,Ağrı,En Düşük Sıcaklık (°C),-43.8,-42.8,-39.6,-22.2,-9.0,-3.0,1.7,0.0,-4.1,-13.0,-31.6,-39.8
5,Amasya,Ortalama Sıcaklık (°C),2.6,4.5,8.3,13.4,17.6,21.3,23.8,23.9,20.0,14.7,8.6,4.6
5,Amasya,Ortalama En Yüksek Sıcaklık (°C),7.0,9.8,14.5,20.4,25.1,28.7,31.1,31.6,27.9,21.9,14.7,8.9
5,Amasya,Ortalama En Düşük Sıcaklık (°C),-0.8,0.3,3.1,7.2,11.1,14.5,16.7,16.8,13.0,8.7,4.0,1.4
5,Amasya,Ortalama Güneşlenme Süresi (saat),2.3,3.3,4.5,6.0,7.4,8.8,9.7,9.3,7.5,5.0,3.4,2.1
5,Amasya,Ortalama Yağışlı Gün Sayısı,12.22,11.1,12.63,13.13,13.03,9.1,3.29,2.62,4.7,7.89,9.21,12.54
5,Amasya,Aylık Toplam Yağış Miktarı Ortalaması  (mm),50.5,36.9,48.9,54.1,54.2,40.9,16.5,10.1,19.6,34.2,43.1,54.8
5,Amasya,En Yüksek Sıcaklık (°C),23.5,24.8,31.2,35.8,37.9,41.8,45.0,42.2,43.5,36.0,29.7,22.9
5,Amasya,En Düşük Sıcaklık (°C),-21.0,-20.4,-15.3,-5.1,-0.1,4.8,8.5,8.8,3.0,-2.9,-9.5,-12.7
6,Ankara,Ortalama Sıcaklık (°C),0.3,1.7,5.7,11.3,16.1,20.0,23.4,23.5,19.0,13.2,7.3,2.6
6,Ankara,Ortalama En Yüksek Sıcaklık (°C),4.3,6.5,11.5,17.4,22.4,26.6,30.3,30.5,26.1,20.0,13.1,6.6
6,Ankara,Ortalama En Düşük Sıcaklık (°C),-3.2,-2.2,0.7,5.4,9.7,13.0,15.9,16.1,11.9,7.2,2.6,-0.7
6,Ankara,Ortalama Güneşlenme Süresi (saat),2.6,3.8,5.0,6.4,8.2,9.8,11.1,10.6,9.1,6.7,4.6,2.6
6,Ankara,Ortalama Yağışlı Gün Sayısı,12.2,11.11,10.77,11.12,12.32,8.89,3.52,2.72,4.02,6.85,8.15,11.67
6,Ankara,Aylık Toplam Yağış Miktarı Ortalaması  (mm),39.9,35.1,39.7,41.8,51.4,36.7,14.1,12.7,17.9,27.1,31.8,44.2
6,Ankara,En Yüksek Sıcaklık (°C),18.4,21.3,27.8,31.6,34.4,37.0,41.0,40.5,39.1,33.3,24.7,20.4
6,Ankara,En Düşük Sıcaklık (°C),-24.9,-24.2,-19.2,-7.2,-1.6,3.8,4.5,5.5,-1.5,-9.8,-17.5,-24.2
7,Antalya,Ortalama Sıcaklık (°C),10.0,10.7,12.9,16.4,20.6,25.3,28.6,28.4,25.3,20.6,15.5,11.7
7,Antalya,Ortalama En Yüksek Sıcaklık (°C),14.9,15.6,18.0,21.4,25.7,30.7,34.2,34.1,31.2,26.6,21.3,16.7
7,Antalya,Ortalama En Düşük Sıcaklık (°C),6.0,6.4,8.1,11.3,15.3,19.7,22.8,22.8,19.5,15.3,10.9,7.7
7,Antalya,Ortalama Güneşlenme Süresi (saat),5.1,5.8,6.7,8.0,9.8,11.4,11.8,11.3,9.8,7.9,6.3,4.9
7,Antalya,Ortalama Yağışlı Gün Sayısı,12.5,10.45,8.63,6.51,5.22,2.56,0.53,0.55,1.71,5.45,7.49,11.91
7,Antalya,Aylık Toplam Yağış Miktarı Ortalaması  (mm),234.5,150.2,92.1,49.0,34.3,11.0,4.4,4.3,16.9,70.9,129.7,256.1
7,Antalya,En Yüksek Sıcaklık (°C),23.9,26.7,28.6,36.4,41.7,44.8,45.0,44.6,42.5,41.2,33.0,25.4
7,Antalya,En Düşük Sıcaklık (°C),-4.3,-4.6,-1.6,1.4,6.7,11.1,14.8,13.6,10.3,4.9,0.0,-1.9
8,Artvin,Ortalama Sıcaklık (°C),2.7,3.8,7.0,11.9,15.9,18.8,20.9,21.2,18.3,14.2,9.1,4.5
8,Artvin,Ortalama En Yüksek Sıcaklık (°C),6.4,8.4,12.4,17.9,21.9,24.3,25.8,26.4,24.0,19.7,13.5,8.0
8,Artvin,Ortalama En Düşük Sıcaklık (°C),-0.1,0.5,3.0,7.2,11.2,14.4,16.9,17.3,14.3,10.3,5.8,1.8
8,Artvin,Ortalama Güneşlenme Süresi (saat),2.4,3.4,4.2,5.2,6.3,7.0,6.7,6.8,6.3,4.7,3.2,2.1
8,Artvin,Ortalama Yağışlı Gün Sayısı,13.0,12.76,13.56,12.79,14.13,12.79,8.24,8.17,8.61,10.99,11.0,11.73
8,Artvin,Aylık Toplam Yağış Miktarı Ortalaması  (mm),84.6,71.5,60.8,53.2,53.1,49.2,31.1,29.1,37.9,60.4,75.1,85.6
8,Artvin,En Yüksek Sıcaklık (°C),18.9,21.5,28.4,34.4,36.7,39.0,42.0,43.0,41.5,33.9,27.9,20.9
8,Artvin,En Düşük Sıcaklık (°C),-16.1,-11.9,-9.8,-7.1,-0.6,3.7,9.5,9.5,4.2,-1.6,-8.2,-10.8
9,Aydın,Ortalama Sıcaklık (°C),8.2,9.4,11.8,16.0,20.9,25.6,28.3,27.7,23.8,18.7,13.6,9.6
9,Aydın,Ortalama En Yüksek Sıcaklık (°C),13.1,14.8,17.9,22.8,28.3,33.4,36.3,35.9,32.1,26.3,19.9,14.6
9,Aydın,Ortalama En Düşük Sıcaklık (°C),4.3,5.1,6.7,10.1,14.3,18.2,20.6,20.4,16.9,12.8,8.9,5.8
9,Aydın,Ortalama Güneşlenme Süresi (saat),3.7,4.2,5.4,6.4,7.8,9.3,9.9,9.3,8.2,6.2,4.3,3.5
9,Aydın,Ortalama Yağışlı Gün Sayısı,12.89,10.31,9.8,8.33,6.27,2.61,0.73,0.6,2.0,5.52,8.31,12.78
9,Aydın,Aylık Toplam Yağış Miktarı Ortalaması  (mm),119.1,91.3,70.8,47.6,36.5,16.9,7.4,5.6,17.6,43.0,82.3,122.6
9,Aydın,En Yüksek Sıcaklık (°C),23.2,27.4,32.4,35.4,42.6,44.4,44.8,45.1,43.3,39.5,31.1,25.9
9,Aydın,En Düşük Sıcaklık (°C),-11.0,-5.4,-5.0,-0.8,4.6,8.4,13.4,11.8,7.6,1.6,-4.7,-5.3
10,Balıkesir,Ortalama Sıcaklık (°C),4.7,6.1,8.8,12.8,17.8,22.6,25.5,25.6,21.3,16.0,10.4,6.4
10,Balıkesir,Ortalama En Yüksek Sıcaklık (°C),9.2,11.3,15.0,19.8,25.3,29.9,32.5,32.6,28.8,22.8,16.8,10.9
10,Balıkesir,Ortalama En Düşük Sıcaklık (°C),0.9,1.7,3.3,6.3,10.5,15.1,18.0,18.6,14.3,10.0,5.4,2.6
10,Balıkesir,Ortalama Güneşlenme Süresi (saat),3.0,4.0,5.1,6.7,8.6,10.1,11.1,10.1,8.0,6.1,4.1,2.7
10,Balıkesir,Ortalama Yağışlı Gün Sayısı,13.72,12.44,11.72,9.8,7.6,5.76,1.04,1.36,4.12,7.12,8.96,12.04
10,Balıkesir,Aylık Toplam Yağış Miktarı Ortalaması  (mm),86.3,77.7,64.0,56.7,37.7,34.6,11.6,4.8,28.2,47.9,76.1,78.9
10,Balıkesir,En Yüksek Sıcaklık (°C),23.5,25.2,29.6,33.1,37.8,42.5,43.2,43.2,40.3,38.3,31.2,26.1
10,Balıkesir,En Düşük Sıcaklık (°C),-11.9,-18.8,-7.1,-4.0,1.1,5.0,11.0,9.4,3.2,-1.6,-7.9,-10.1
11,Bilecik,Ortalama Sıcaklık (°C),2.5,3.7,6.4,11.5,16.1,19.9,22.1,22.1,18.5,13.9,9.2,4.7
11,Bilecik,Ortalama En Yüksek Sıcaklık (°C),6.0,7.9,11.4,17.1,22.0,25.8,28.4,28.7,24.9,19.4,13.6,8.1
11,Bilecik,Ortalama En Düşük Sıcaklık (°C),-0.3,0.4,2.4,6.7,10.9,14.2,16.3,16.5,13.2,9.6,5.6,1.9
11,Bilecik,Ortalama Güneşlenme Süresi (saat),3.0,3.7,4.7,6.2,8.0,9.5,10.5,9.9,8.1,5.5,4.0,2.8
11,Bilecik,Ortalama Yağışlı Gün Sayısı,14.33,13.05,13.14,10.93,10.4,8.11,3.93,3.47,5.15,8.38,9.82,13.21
11,Bilecik,Aylık Toplam Yağış Miktarı Ortalaması  (mm),50.2,42.7,47.4,42.0,47.4,43.1,19.7,13.6,22.6,39.5,37.2,55.2
11,Bilecik,En Yüksek Sıcaklık (°C),22.3,24.6,30.2,33.3,36.6,38.2,41.0,40.6,38.4,34.3,28.6,25.0
11,Bilecik,En Düşük Sıcaklık (°C),-16.0,-14.3,-11.6,-6.0,1.0,6.0,7.7,8.2,3.2,-0.8,-9.2,-14.5
12,Bingöl,Ortalama Sıcaklık (°C),-2.2,-1.1,4.2,10.8,16.2,22.0,26.7,26.5,21.3,14.3,6.8,0.8
12,Bingöl,Ortalama En Yüksek Sıcaklık (°C),2.4,3.9,9.6,16.8,22.9,29.4,34.6,34.8,29.8,21.7,12.7,5.3
12,Bingöl,Ortalama En Düşük Sıcaklık (°C),-5.8,-4.9,-0.1,5.8,10.2,14.8,19.0,18.7,13.7,8.3,2.3,-2.7
12,Bingöl,Ortalama Güneşlenme Süresi (saat),3.4,4.5,4.8,5.5,7.1,9.0,9.4,9.0,8.1,6.1,4.5,3.2
12,Bingöl,Ortalama Yağışlı Gün Sayısı,12.84,12.38,14.08,14.86,13.65,5.48,1.76,1.37,2.46,8.27,9.27,12.65
12,Bingöl,Aylık Toplam Yağış Miktarı Ortalaması  (mm),138.6,128.8,133.3,116.5,77.6,20.6,7.1,4.3,12.5,65.0,108.3,135.0
12,Bingöl,En Yüksek Sıcaklık (°C),13.8,16.2,22.3,30.3,33.9,38.0,42.0,41.3,38.1,32.1,25.5,22.8
12,Bingöl,En Düşük Sıcaklık (°C),-23.2,-21.6,-20.3,-9.2,1.0,3.5,8.8,7.8,4.2,-2.4,-15.0,-25.1
13,Bitlis,Ortalama Sıcaklık (°C),-4.4,-3.4,1.0,7.3,12.5,18.3,22.7,23.0,18.5,11.4,4.8,-1.2
13,Bitlis,Ortalama En Yüksek Sıcaklık (°C),-0.5,1.0,5.0,12.4,17.8,24.3,29.1,29.7,25.0,16.8,9.3,2.6
13,Bitlis,Ortalama En Düşük Sıcaklık (°C),-8.3,-7.4,-2.6,2.7,7.2,11.6,15.7,16.2,11.7,6.6,1.2,-4.5
13,Bitlis,Ortalama Güneşlenme Süresi (saat),0.0,0.0,0.0,0.0,0.0,0.0,0.0,0.0,0.0,0.0,0.0,0.0
13,Bitlis,Ortalama Yağışlı Gün Sayısı,15.0,12.17,17.42,13.75,14.17,5.17,2.42,1.75,2.25,10.0,10.08,12.92
13,Bitlis,Aylık Toplam Yağış Miktarı Ortalaması  (mm),162.5,113.1,209.5,114.5,100.1,16.7,7.8,8.3,20.5,94.5,91.7,142.3
13,Bitlis,En Yüksek Sıcaklık (°C),10.1,21.9,16.7,22.3,27.4,31.5,34.6,34.3,34.0,26.4,21.7,13.3
13,Bitlis,En Düşük Sıcaklık (°C),-24.1,-21.3,-20.3,-10.0,0.1,5.2,8.1,9.9,0.0,-0.6,-10.0,-20.8
14,Bolu,Ortalama Sıcaklık (°C),0.5,1.8,4.7,9.6,14.1,17.3,19.8,20.0,16.2,11.8,6.9,2.8
14,Bolu,Ortalama En Yüksek Sıcaklık (°C),5.3,7.2,11.0,16.6,21.4,24.6,27.4,28.0,24.3,19.3,13.3,7.5
14,Bolu,Ortalama En Düşük Sıcaklık (°C),-3.5,-2.6,-0.5,3.6,7.6,10.4,12.4,12.7,9.5,6.2,2.1,-1.1
14,Bolu,Ortalama Güneşlenme Süresi (saat),2.0,2.9,4.0,5.3,6.7,8.0,8.9,8.7,6.9,4.8,3.4,2.1
14,Bolu,Ortalama Yağışlı Gün Sayısı,15.53,14.42,14.72,13.41,14.03,11.94,6.16,5.19,7.17,10.57,11.84,14.73
14,Bolu,Aylık Toplam Yağış Miktarı Ortalaması  (mm),57.7,48.7,50.9,50.8,60.4,59.9,28.3,24.7,28.3,41.0,45.9,58.8
14,Bolu,En Yüksek Sıcaklık (°C),19.8,24.1,29.3,31.8,34.6,37.0,39.3,42.8,38.5,34.4,27.0,23.5
14,Bolu,En Düşük Sıcaklık (°C),-31.5,-25.8,-19.8,-11.5,-2.3,0.0,2.8,1.4,-2.5,-5.8,-24.8,-29.1
15,Burdur,Ortalama Sıcaklık (°C),2.6,3.8,6.9,11.7,16.5,21.0,24.6,24.6,20.2,14.5,8.9,4.3
15,Burdur,Ortalama En Yüksek Sıcaklık (°C),6.8,8.8,12.6,17.8,23.1,28.0,32.0,32.3,27.9,21.5,14.5,8.5
15,Burdur,Ortalama En Düşük Sıcaklık (°C),-0.9,-0.3,1.9,6.1,10.2,14.0,17.0,17.0,12.9,8.4,4.1,0.9
15,Burdur,Ortalama Güneşlenme Süresi (saat),3.8,5.0,5.9,7.0,8.9,10.7,11.8,11.0,9.2,7.3,5.5,3.4
15,Burdur,Ortalama Yağışlı Gün Sayısı,11.28,9.64,10.05,9.48,9.64,6.3,2.8,2.22,3.13,6.02,7.06,11.02
15,Burdur,Aylık Toplam Yağış Miktarı Ortalaması  (mm),56.5,40.8,45.4,42.5,46.3,30.5,12.9,9.3,15.7,31.7,36.4,60.1
15,Burdur,En Yüksek Sıcaklık (°C),16.8,23.4,27.8,30.7,35.4,38.7,41.0,41.6,39.0,33.6,26.5,20.5
15,Burdur,En Düşük Sıcaklık (°C),-16.7,-15.0,-11.6,-7.0,-0.4,3.8,9.0,8.8,3.4,-2.4,-12.0,-15.3
16,Bursa,Ortalama Sıcaklık (°C),5.4,6.2,8.4,12.9,17.7,22.0,24.5,24.4,20.3,15.6,11.1,7.4
16,Bursa,Ortalama En Yüksek Sıcaklık (°C),9.6,10.9,13.8,19.0,23.9,28.3,30.9,31.1,27.2,22.0,16.6,11.7
16,Bursa,Ortalama En Düşük Sıcaklık (°C),1.7,2.2,3.6,7.2,11.4,15.0,17.3,17.3,13.8,10.2,6.4,3.6
16,Bursa,Ortalama Güneşlenme Süresi (saat),2.8,3.4,4.2,5.8,7.8,9.7,10.7,10.0,7.9,5.5,4.0,2.9
16,Bursa,Ortalama Yağışlı Gün Sayısı,14.77,13.43,12.63,11.27,9.02,6.16,3.06,2.91,5.09,8.95,11.11,14.15
16,Bursa,Aylık Toplam Yağış Miktarı Ortalaması  (mm),88.5,76.0,70.3,62.2,50.5,35.5,21.9,18.2,43.2,65.8,77.8,98.9
16,Bursa,En Yüksek Sıcaklık (°C),25.2,26.9,32.5,36.2,37.0,41.3,43.8,42.6,40.3,37.3,32.1,27.3
16,Bursa,En Düşük Sıcaklık (°C),-20.5,-19.6,-10.5,-4.2,0.8,4.0,8.3,7.6,3.3,-1.0,-8.4,-17.9
17,Çanakkale,Ortalama Sıcaklık (°C),6.3,6.7,8.4,12.6,17.6,22.3,25.1,25.1,21.1,16.3,12.2,8.5
17,Çanakkale,Ortalama En Yüksek Sıcaklık (°C),9.6,10.3,12.5,17.3,22.7,27.8,30.8,30.7,26.5,20.9,16.0,11.8
17,Çanakkale,Ortalama En Düşük Sıcaklık (°C),3.2,3.4,4.8,8.3,12.7,16.7,19.4,19.7,16.1,12.2,8.6,5.4
17,Çanakkale,Ortalama Güneşlenme Süresi (saat),3.2,4.4,5.4,7.3,9.2,10.9,11.9,11.3,9.1,6.4,4.4,3.2
17,Çanakkale,Ortalama Yağışlı Gün Sayısı,12.33,10.37,9.77,7.96,5.64,4.13,1.71,1.34,3.29,6.41,8.89,12.32
17,Çanakkale,Aylık Toplam Yağış Miktarı Ortalaması  (mm),91.4,72.1,66.0,45.0,29.9,25.6,14.6,10.9,24.5,54.4,85.4,105.5
17,Çanakkale,En Yüksek Sıcaklık (°C),20.6,21.3,27.3,30.8,38.9,38.5,39.2,39.7,35.9,31.8,27.7,22.9
17,Çanakkale,En Düşük Sıcaklık (°C),-11.0,-11.5,-8.5,-1.6,2.3,6.6,11.2,9.4,5.9,0.4,-7.0,-10.5
18,Çankırı,Ortalama Sıcaklık (°C),-0.5,1.2,5.6,11.2,15.8,19.7,23.1,22.9,18.1,12.2,5.8,1.6
18,Çankırı,Ortalama En Yüksek Sıcaklık (°C),3.7,6.3,11.9,18.0,23.0,27.1,31.1,31.4,26.7,20.3,12.4,5.7
18,Çankırı,Ortalama En Düşük Sıcaklık (°C),-3.9,-3.1,-0.1,4.5,8.7,11.9,14.2,14.0,9.7,5.2,0.6,-1.8
18,Çankırı,Ortalama Güneşlenme Süresi (saat),2.2,3.6,5.2,6.3,7.9,9.5,10.7,10.0,8.5,6.3,4.0,2.0
18,Çankırı,Ortalama Yağışlı Gün Sayısı,11.93,10.23,9.99,11.58,13.6,10.53,4.36,3.59,4.61,6.84,7.63,11.16
18,Çankırı,Aylık Toplam Yağış Miktarı Ortalaması  (mm),43.6,34.3,39.1,44.0,57.1,46.4,17.9,18.4,18.1,25.8,26.0,45.0
18,Çankırı,En Yüksek Sıcaklık (°C),17.6,22.0,29.0,31.0,35.5,39.6,42.4,41.8,39.8,34.2,25.1,18.2
18,Çankırı,En Düşük Sıcaklık (°C),-25.0,-24.0,-20.5,-8.9,-3.0,1.6,4.3,4.6,-2.0,-6.3,-19.4,-18.8
19,Çorum,Ortalama Sıcaklık (°C),-0.3,1.2,5.0,10.5,15.0,18.5,21.3,21.4,17.4,12.2,6.4,1.9
19,Çorum,Ortalama En Yüksek Sıcaklık (°C),4.3,6.5,11.4,17.5,22.2,26.0,29.1,29.6,25.6,20.0,13.0,6.5
19,Çorum,Ortalama En Düşük Sıcaklık (°C),-4.3,-3.4,-0.7,3.7,7.6,10.4,12.5,12.7,9.3,5.3,1.0,-2.0
19,Çorum,Ortalama Güneşlenme Süresi (saat),2.4,3.5,4.8,6.3,7.4,8.8,10.1,10.0,8.3,5.6,3.7,2.1
19,Çorum,Ortalama Yağışlı Gün Sayısı,12.41,10.96,11.55,11.82,13.32,10.16,4.02,2.99,4.49,7.09,8.25,11.99
19,Çorum,Aylık Toplam Yağış Miktarı Ortalaması  (mm),39.1,29.3,39.0,46.4,61.7,55.0,19.9,15.1,21.7,27.1,33.0,43.6
19,Çorum,En Yüksek Sıcaklık (°C),20.6,20.4,28.6,30.4,35.1,37.5,42.6,40.2,38.7,33.6,25.6,19.2
19,Çorum,En Düşük Sıcaklık (°C),-25.6,-27.2,-23.3,-9.4,-4.3,0.2,3.4,3.0,-3.0,-6.3,-15.7,-21.6
20,Denizli,Ortalama Sıcaklık (°C),5.9,7.2,10.2,14.7,19.6,24.3,27.4,27.0,22.7,17.1,11.7,7.7
20,Denizli,Ortalama En Yüksek Sıcaklık (°C),10.6,12.4,16.0,21.0,26.5,31.3,34.7,34.6,30.2,24.0,17.5,12.3
20,Denizli,Ortalama En Düşük Sıcaklık (°C),2.4,3.1,5.4,9.2,13.4,17.5,20.3,20.0,16.0,11.5,7.2,4.2
20,Denizli,Ortalama Güneşlenme Süresi (saat),3.7,4.5,5.6,6.9,8.9,10.8,11.7,10.8,9.2,6.8,5.0,3.5
20,Denizli,Ortalama Yağışlı Gün Sayısı,12.06,10.64,11.19,10.09,8.94,5.45,2.07,2.0,3.1,5.87,7.64,12.18
20,Denizli,Aylık Toplam Yağış Miktarı Ortalaması  (mm),91.0,70.0,63.3,51.2,44.1,29.2,14.2,10.7,16.1,35.2,55.0,89.3
20,Denizli,En Yüksek Sıcaklık (°C),22.6,25.9,30.8,35.8,39.5,44.1,43.9,44.4,41.6,36.9,31.6,26.6
20,Denizli,En Düşük Sıcaklık (°C),-10.5,-11.4,-7.0,-2.0,2.7,7.9,12.6,11.6,6.6,-0.8,-4.5,-10.4
21,Diyarbakır,Ortalama Sıcaklık (°C),1.8,3.7,8.3,13.8,19.3,26.1,31.0,30.5,25.1,17.6,9.8,4.1
21,Diyarbakır,Ortalama En Yüksek Sıcaklık (°C),6.8,9.2,14.5,20.5,26.6,33.6,38.4,38.3,33.4,25.4,16.4,9.2
21,Diyarbakır,Ortalama En Düşük Sıcaklık (°C),-2.2,-1.0,2.5,7.0,11.3,16.6,21.7,21.1,16.0,10.1,4.2,-0.1
21,Diyarbakır,Ortalama Güneşlenme Süresi (saat),3.9,4.9,5.6,7.2,9.6,12.1,12.4,11.6,10.0,7.5,5.5,3.9
21,Diyarbakır,Ortalama Yağışlı Gün Sayısı,12.25,11.32,11.82,11.21,8.73,2.63,0.46,0.32,1.07,5.74,8.19,11.49
21,Diyarbakır,Aylık Toplam Yağış Miktarı Ortalaması  (mm),69.7,67.2,67.2,68.3,44.4,8.6,1.3,1.0,5.3,32.5,55.9,71.2
21,Diyarbakır,En Yüksek Sıcaklık (°C),16.9,21.8,28.3,35.3,39.8,42.0,46.2,45.9,42.2,35.7,28.4,22.5
21,Diyarbakır,En Düşük Sıcaklık (°C),-24.2,-21.0,-14.0,-6.1,0.8,1.8,9.9,11.4,4.0,-1.8,-12.9,-23.4
22,Edirne,Ortalama Sıcaklık (°C),2.7,4.4,7.6,12.8,18.0,22.2,24.7,24.5,20.1,14.5,9.2,4.6
22,Edirne,Ortalama En Yüksek Sıcaklık (°C),6.7,9.4,13.4,19.3,24.8,29.2,32.0,32.0,27.4,20.8,14.2,8.6
22,Edirne,Ortalama En Düşük Sıcaklık (°C),-0.5,0.5,2.9,7.1,11.7,15.5,17.4,17.3,13.5,9.3,5.3,1.4
22,Edirne,Ortalama Güneşlenme Süresi (saat),2.4,3.6,4.5,6.2,8.0,9.2,10.3,9.8,7.5,5.2,3.2,2.2
22,Edirne,Ortalama Yağışlı Gün Sayısı,12.23,9.51,9.74,10.14,10.29,8.65,5.35,3.88,4.74,7.59,10.42,13.0
22,Edirne,Aylık Toplam Yağış Miktarı Ortalaması  (mm),65.0,52.2,50.1,48.7,52.4,47.1,31.7,23.3,35.9,56.7,67.3,70.6
22,Edirne,En Yüksek Sıcaklık (°C),20.5,23.3,28.0,33.5,37.1,42.6,44.1,41.9,39.9,35.8,28.0,22.9
22,Edirne,En Düşük Sıcaklık (°C),-19.5,-19.0,-12.0,-4.1,0.7,6.0,8.0,8.9,0.2,-3.7,-9.4,-14.9
23,Elazığ,Ortalama Sıcaklık (°C),-0.8,0.7,5.6,12.0,17.2,22.8,27.2,27.0,22.1,15.1,7.5,1.8
23,Elazığ,Ortalama En Yüksek Sıcaklık (°C),3.0,5.2,10.9,17.9,23.7,29.8,34.3,34.4,29.5,21.8,12.8,5.6
23,Elazığ,Ortalama En Düşük Sıcaklık (°C),-3.9,-3.0,1.0,6.4,10.9,15.4,19.4,19.3,14.6,9.0,3.2,-1.2
23,Elazığ,Ortalama Güneşlenme Süresi (saat),2.7,3.8,5.1,6.6,8.7,11.0,11.9,11.1,9.6,6.9,4.6,2.4
23,Elazığ,Ortalama Yağışlı Gün Sayısı,12.25,11.36,12.6,12.14,10.79,4.19,1.16,0.79,2.11,6.96,9.13,11.85
23,Elazığ,Aylık Toplam Yağış Miktarı Ortalaması  (mm),41.6,42.5,58.2,63.4,53.7,12.4,3.3,1.8,8.5,39.3,49.6,45.9
23,Elazığ,En Yüksek Sıcaklık (°C),13.0,18.6,26.4,32.2,36.6,38.6,42.4,42.2,39.7,32.4,24.3,19.6
23,Elazığ,En Düşük Sıcaklık (°C),-22.6,-21.4,-17.0,-7.0,0.0,4.0,6.7,10.2,1.0,-2.2,-15.2,-22.6
24,Erzincan,Ortalama Sıcaklık (°C),-2.9,-1.2,4.1,10.7,15.5,19.9,23.8,24.0,19.2,12.5,5.7,-0.1
24,Erzincan,Ortalama En Yüksek Sıcaklık (°C),1.7,3.7,9.5,16.8,22.3,27.1,31.5,32.1,27.5,20.0,11.7,4.5
24,Erzincan,Ortalama En Düşük Sıcaklık (°C),-6.9,-5.3,-0.7,4.8,8.8,12.2,15.6,15.5,10.9,5.9,0.8,-3.9
24,Erzincan,Ortalama Güneşlenme Süresi (saat),2.9,4.0,5.0,5.9,7.5,9.8,10.9,10.2,8.7,6.5,4.5,2.9
24,Erzincan,Ortalama Yağışlı Gün Sayısı,9.52,9.01,11.67,12.83,13.99,8.95,3.33,2.47,4.21,8.24,8.45,9.42
24,Erzincan,Aylık Toplam Yağış Miktarı Ortalaması  (mm),27.8,30.2,42.8,53.4,53.4,30.8,12.2,6.9,15.6,39.0,35.6,28.5
24,Erzincan,En Yüksek Sıcaklık (°C),14.6,17.2,25.2,30.0,33.8,37.0,40.6,40.5,37.2,31.4,24.9,19.0
24,Erzincan,En Düşük Sıcaklık (°C),-31.2,-30.2,-22.4,-11.1,-4.2,2.0,5.0,5.9,0.3,-6.8,-15.6,-25.9
25,Erzurum,Ortalama Sıcaklık (°C),-9.1,-7.7,-2.4,5.4,10.7,14.9,19.2,19.5,14.8,8.2,1.2,-5.7
25,Erzurum,Ortalama En Yüksek Sıcaklık (°C),-3.9,-2.3,2.6,11.0,16.9,21.8,26.6,27.3,22.7,15.2,6.9,-0.9
25,Erzurum,Ortalama En Düşük Sıcaklık (°C),-13.9,-12.6,-7.0,0.0,4.3,7.3,11.1,11.2,6.4,1.7,-3.8,-10.2
25,Erzurum,Ortalama Güneşlenme Süresi (saat),3.4,4.4,5.2,6.3,7.9,10.2,11.3,10.7,9.1,6.9,4.9,3.2
25,Erzurum,Ortalama Yağışlı Gün Sayısı,11.16,11.11,12.6,13.79,16.05,11.03,6.65,5.22,5.12,9.56,9.2,10.59
25,Erzurum,Aylık Toplam Yağış Miktarı Ortalaması  (mm),21.6,25.7,35.8,55.1,72.9,48.9,27.1,17.8,24.0,47.0,33.5,22.1
25,Erzurum,En Yüksek Sıcaklık (°C),10.4,10.6,21.4,26.5,29.6,32.3,35.6,36.5,33.3,27.0,20.7,14.0
25,Erzurum,En Düşük Sıcaklık (°C),-36.0,-37.0,-33.2,-22.4,-7.1,-5.6,-1.8,-1.1,-6.8,-14.1,-34.3,-37.2
26,Eskişehir,Ortalama Sıcaklık (°C),0.0,1.6,5.2,9.9,14.9,18.9,21.9,22.0,17.5,12.1,6.0,2.0
26,Eskişehir,Ortalama En Yüksek Sıcaklık (°C),4.2,7.0,11.8,17.2,22.3,26.5,29.8,30.2,26.0,20.2,12.8,6.5
26,Eskişehir,Ortalama En Düşük Sıcaklık (°C),-3.9,-3.4,-0.9,3.1,7.3,11.1,13.7,13.8,9.2,5.0,0.2,-1.7
26,Eskişehir,Ortalama Güneşlenme Süresi (saat),2.6,3.9,5.0,6.3,8.2,9.7,11.3,10.4,8.7,6.0,4.3,2.5
26,Eskişehir,Ortalama Yağışlı Gün Sayısı,8.18,7.82,8.0,7.58,6.64,4.39,2.24,1.94,3.0,5.82,6.15,8.64
26,Eskişehir,Aylık Toplam Yağış Miktarı Ortalaması  (mm),33.0,28.2,29.9,44.1,42.3,24.2,15.0,11.2,17.2,35.0,33.4,42.4
26,Eskişehir,En Yüksek Sıcaklık (°C),20.3,21.8,28.1,31.1,35.0,36.8,40.6,41.6,38.4,34.2,27.1,21.4
26,Eskişehir,En Düşük Sıcaklık (°C),-27.8,-28.6,-12.0,-10.4,-2.2,0.5,5.0,4.8,-2.0,-6.8,-12.2,-19.2
27,Gaziantep,Ortalama Sıcaklık (°C),3.1,4.5,8.2,13.4,18.9,24.3,28.1,27.9,23.5,16.8,9.9,5.1
27,Gaziantep,Ortalama En Yüksek Sıcaklık (°C),7.5,9.5,13.9,19.7,25.6,31.2,35.3,35.3,31.2,24.3,16.3,9.8
27,Gaziantep,Ortalama En Düşük Sıcaklık (°C),-0.6,0.2,3.1,7.3,12.0,17.2,21.2,21.1,16.3,10.2,4.6,1.2
27,Gaziantep,Ortalama Güneşlenme Süresi (saat),3.5,4.3,5.4,6.8,8.4,10.3,10.6,9.9,8.7,6.9,5.3,3.5
27,Gaziantep,Ortalama Yağışlı Gün Sayısı,13.19,11.82,11.83,9.81,7.0,2.07,0.52,0.48,1.46,5.98,8.25,11.94
27,Gaziantep,Aylık Toplam Yağış Miktarı Ortalaması  (mm),102.5,81.9,73.5,52.0,30.9,8.2,6.9,5.4,7.0,36.5,61.9,97.3
27,Gaziantep,En Yüksek Sıcaklık (°C),19.0,24.3,28.1,34.0,37.8,40.2,44.0,44.0,40.8,36.4,27.3,25.2
27,Gaziantep,En Düşük Sıcaklık (°C),-17.5,-15.6,-11.0,-4.3,0.4,4.5,9.0,10.8,3.4,-3.9,-9.7,-15.0
28,Giresun,Ortalama Sıcaklık (°C),7.4,7.2,8.1,11.3,15.6,20.2,22.9,23.4,20.3,16.5,12.9,9.6
28,Giresun,Ortalama En Yüksek Sıcaklık (°C),10.7,10.7,11.8,15.1,19.0,23.5,26.2,26.7,23.7,20.0,16.4,13.0
28,Giresun,Ortalama En Düşük Sıcaklık (°C),4.7,4.4,5.3,8.5,12.8,17.1,19.9,20.4,17.4,13.8,10.1,6.9
28,Giresun,Ortalama Güneşlenme Süresi (saat),1.3,1.9,1.6,2.3,2.7,3.7,3.1,2.7,2.1,1.5,1.9,1.2
28,Giresun,Ortalama Yağışlı Gün Sayısı,14.7,14.23,15.91,14.68,14.15,11.93,10.78,10.77,12.41,13.96,13.3,14.23
28,Giresun,Aylık Toplam Yağış Miktarı Ortalaması  (mm),128.3,101.2,99.4,75.6,68.2,77.9,81.0,90.0,130.0,162.8,151.4,126.8
28,Giresun,En Yüksek Sıcaklık (°C),25.9,29.5,34.9,36.0,35.4,36.2,35.3,35.2,32.9,37.3,32.8,28.0
28,Giresun,En Düşük Sıcaklık (°C),-6.2,-9.8,-5.8,-1.4,4.0,6.8,12.1,12.1,4.8,4.2,-1.6,-2.4
29,Gümüşhane,Ortalama Sıcaklık (°C),-1.8,-0.5,3.7,9.3,13.6,17.1,20.0,20.3,16.4,11.2,5.1,0.5
29,Gümüşhane,Ortalama En Yüksek Sıcaklık (°C),3.0,5.3,9.9,16.3,21.2,25.2,28.2,29.0,25.5,19.0,10.8,5.0
29,Gümüşhane,Ortalama En Düşük Sıcaklık (°C),-5.4,-4.8,-1.0,3.8,7.6,10.9,13.8,13.9,10.2,6.0,1.0,-2.9
29,Gümüşhane,Ortalama Güneşlenme Süresi (saat),1.4,3.8,4.8,6.0,7.3,8.9,9.9,9.6,7.9,5.4,2.3,1.2
29,Gümüşhane,Ortalama Yağışlı Gün Sayısı,11.19,10.55,12.87,13.63,15.45,10.69,4.11,3.76,5.44,9.4,9.98,11.44
29,Gümüşhane,Aylık Toplam Yağış Miktarı Ortalaması  (mm),35.9,30.8,45.1,59.1,68.7,48.4,12.9,14.0,21.2,43.2,42.2,40.9
29,Gümüşhane,En Yüksek Sıcaklık (°C),15.5,18.0,24.0,29.0,34.4,36.2,41.0,41.1,37.7,32.0,22.3,19.2
29,Gümüşhane,En Düşük Sıcaklık (°C),-23.6,-25.7,-22.6,-11.0,-2.8,1.8,4.5,4.9,-1.0,-4.8,-15.0,-21.0
30,Hakkari,Ortalama Sıcaklık (°C),-4.5,-3.0,2.2,8.3,14.2,20.2,24.7,24.7,20.3,13.1,5.3,-1.3
30,Hakkari,Ortalama En Yüksek Sıcaklık (°C),-0.3,1.4,6.7,13.1,19.5,26.1,31.0,31.2,26.6,18.7,10.0,2.8
30,Hakkari,Ortalama En Düşük Sıcaklık (°C),-7.9,-6.7,-1.6,4.1,9.3,14.2,18.4,18.3,14.1,8.0,1.3,-4.6
30,Hakkari,Ortalama Güneşlenme Süresi (saat),4.1,5.3,5.7,6.6,8.8,11.6,12.2,11.3,10.0,7.2,5.3,3.8
30,Hakkari,Ortalama Yağışlı Gün Sayısı,11.19,10.76,13.46,13.35,11.98,3.94,1.43,1.11,1.89,8.38,8.71,10.05
30,Hakkari,Aylık Toplam Yağış Miktarı Ortalaması  (mm),89.6,102.8,124.9,125.6,65.0,15.3,5.9,4.8,9.9,63.6,88.2,96.3
30,Hakkari,En Yüksek Sıcaklık (°C),11.8,12.9,19.7,25.0,30.7,34.4,38.8,38.0,37.1,29.3,20.8,17.5
30,Hakkari,En Düşük Sıcaklık (°C),-23.4,-22.7,-19.0,-8.3,-0.8,5.0,10.0,9.7,4.3,-5.8,-15.0,-21.3
31,Hatay,Ortalama Sıcaklık (°C),8.1,9.8,13.1,17.2,21.3,24.8,27.2,27.9,25.8,20.8,14.4,9.6
31,Hatay,Ortalama En Yüksek Sıcaklık (°C),12.1,14.5,18.1,22.6,26.6,29.2,31.2,32.0,31.0,27.4,20.2,13.7
31,Hatay,Ortalama En Düşük Sıcaklık (°C),4.7,5.8,8.5,12.2,16.3,20.8,23.9,24.6,21.1,15.2,9.6,6.0
31,Hatay,Ortalama Güneşlenme Süresi (saat),3.4,4.6,6.0,7.3,9.1,10.7,11.1,10.3,9.2,7.0,5.0,3.3
31,Hatay,Ortalama Yağışlı Gün Sayısı,15.11,13.21,13.17,8.98,5.54,2.15,0.6,0.64,3.35,7.2,8.93,13.5
31,Hatay,Aylık Toplam Yağış Miktarı Ortalaması  (mm),198.4,165.9,142.9,101.9,80.9,30.9,16.0,17.5,41.6,76.6,99.6,182.0
31,Hatay,En Yüksek Sıcaklık (°C),20.5,26.6,30.5,37.5,42.5,43.2,44.6,45.2,43.5,39.2,32.5,25.1
31,Hatay,En Düşük Sıcaklık (°C),-11.8,-6.8,-4.2,1.5,7.7,11.6,15.9,15.4,7.9,2.3,-3.0,-6.6
32,Isparta,Ortalama Sıcaklık (°C),1.8,3.0,6.0,10.8,15.5,19.9,23.5,23.4,18.9,13.4,7.9,3.7
32,Isparta,Ortalama En Yüksek Sıcaklık (°C),6.3,7.8,11.6,16.7,21.9,26.6,30.4,30.7,26.6,20.6,14.0,8.3
32,Isparta,Ortalama En Düşük Sıcaklık (°C),-1.9,-1.2,1.0,4.8,8.7,12.4,15.4,15.3,11.1,6.8,2.8,-0.1
32,Isparta,Ortalama Güneşlenme Süresi (saat),3.7,4.7,5.6,6.6,8.1,10.0,11.1,10.5,9.3,6.8,5.2,3.3
32,Isparta,Ortalama Yağışlı Gün Sayısı,13.12,11.32,11.05,10.19,10.88,7.01,2.82,2.31,3.73,6.48,7.82,12.38
32,Isparta,Aylık Toplam Yağış Miktarı Ortalaması  (mm),81.4,67.5,59.0,51.4,56.5,35.7,15.5,14.0,18.6,37.5,44.4,86.0
32,Isparta,En Yüksek Sıcaklık (°C),17.6,22.5,26.8,29.5,35.4,36.2,39.2,40.3,37.4,33.5,25.4,20.0
32,Isparta,En Düşük Sıcaklık (°C),-19.2,-21.0,-18.5,-7.7,-1.2,4.3,4.9,7.0,-0.8,-4.2,-11.5,-15.4
33,Mersin,Ortalama Sıcaklık (°C),10.3,11.2,13.8,17.6,21.4,25.1,27.9,28.4,25.9,21.6,16.3,12.0
33,Mersin,Ortalama En Yüksek Sıcaklık (°C),14.7,15.6,18.2,21.7,25.0,28.2,30.8,31.6,30.1,26.8,21.6,16.6
33,Mersin,Ortalama En Düşük Sıcaklık (°C),6.4,7.0,9.3,13.0,17.0,21.0,24.1,24.4,21.1,16.5,11.7,8.0
33,Mersin,Ortalama Güneşlenme Süresi (saat),4.8,5.6,6.8,7.7,8.6,9.9,10.1,9.9,9.2,7.6,5.7,4.7
33,Mersin,Ortalama Yağışlı Gün Sayısı,10.52,9.15,7.79,6.63,5.1,2.27,0.9,0.79,1.69,4.87,6.64,10.3
33,Mersin,Aylık Toplam Yağış Miktarı Ortalaması  (mm),119.5,85.1,56.2,33.9,23.6,10.2,11.3,7.2,11.9,37.8,77.3,136.9
33,Mersin,En Yüksek Sıcaklık (°C),25.2,26.5,29.8,34.7,36.0,40.0,38.1,39.8,41.5,37.5,31.0,27.0
33,Mersin,En Düşük Sıcaklık (°C),-6.3,-6.6,-2.2,0.6,7.0,12.0,16.1,15.0,11.0,2.7,-3.3,-3.0
34,İstanbul,Ortalama Sıcaklık (°C),6.7,6.9,8.4,12.8,17.6,22.2,24.6,24.7,21.2,16.7,12.6,8.9
34,İstanbul,Ortalama En Yüksek Sıcaklık (°C),9.6,10.2,12.3,17.3,22.2,26.9,29.6,29.6,25.9,20.6,16.0,11.8
34,İstanbul,Ortalama En Düşük Sıcaklık (°C),4.2,4.2,5.4,9.2,13.6,18.0,20.4,20.7,17.6,13.7,9.8,6.4
34,İstanbul,Ortalama Güneşlenme Süresi (saat),0.8,0.4,1.0,1.3,1.1,1.1,1.1,1.4,1.0,0.2,0.5,0.6
34,İstanbul,Ortalama Yağışlı Gün Sayısı,16.53,14.19,12.8,10.3,7.66,5.6,3.56,3.64,5.56,9.56,11.49,15.66
34,İstanbul,Aylık Toplam Yağış Miktarı Ortalaması  (mm),88.6,71.3,63.3,48.5,32.8,27.9,22.2,24.3,40.0,66.2,78.8,98.6
34,İstanbul,En Yüksek Sıcaklık (°C),22.4,23.4,28.6,33.3,36.4,38.9,40.6,40.1,39.6,33.5,29.6,25.0
34,İstanbul,En Düşük Sıcaklık (°C),-6.8,-9.0,-5.6,0.2,4.8,9.8,13.6,14.3,7.7,2.5,-2.0,-4.2
35,İzmir,Ortalama Sıcaklık (°C),8.8,9.6,11.7,15.9,20.8,25.4,28.0,27.7,23.8,19.0,14.3,10.6
35,İzmir,Ortalama En Yüksek Sıcaklık (°C),12.4,13.7,16.3,20.9,26.1,30.7,33.3,33.0,29.2,24.1,18.7,14.1
35,İzmir,Ortalama En Düşük Sıcaklık (°C),5.8,6.2,7.7,11.2,15.5,19.9,22.5,22.4,18.7,14.7,10.8,7.6
35,İzmir,Ortalama Güneşlenme Süresi (saat),4.3,5.2,6.4,8.0,9.8,11.6,12.3,11.9,10.1,7.6,5.6,4.2
35,İzmir,Ortalama Yağışlı Gün Sayısı,12.6,10.6,9.29,7.87,5.3,2.37,0.44,0.57,1.95,5.33,8.8,12.73
35,İzmir,Aylık Toplam Yağış Miktarı Ortalaması  (mm),134.8,102.4,75.3,46.0,31.1,13.1,4.1,6.6,15.3,44.1,93.4,145.9
35,İzmir,En Yüksek Sıcaklık (°C),22.5,27.0,30.5,32.5,37.6,41.3,43.2,43.0,40.1,36.0,30.3,25.2
35,İzmir,En Düşük Sıcaklık (°C),-8.2,-5.2,-3.8,0.6,4.3,9.5,15.4,11.5,10.0,3.6,-2.9,-4.7
36,Kars,Ortalama Sıcaklık (°C),-10.8,-8.9,-2.8,5.2,10.3,14.0,17.6,17.9,13.7,7.4,0.5,-6.8
36,Kars,Ortalama En Yüksek Sıcaklık (°C),-4.8,-2.7,2.9,11.4,16.9,21.2,25.6,26.4,22.3,15.1,6.9,-1.3
36,Kars,Ortalama En Düşük Sıcaklık (°C),-16.3,-14.7,-8.2,-0.6,3.9,6.7,9.9,9.8,5.4,0.5,-4.7,-11.7
36,Kars,Ortalama Güneşlenme Süresi (saat),3.4,4.4,5.2,6.1,7.4,9.4,10.4,10.2,8.6,6.4,4.7,3.3
36,Kars,Ortalama Yağışlı Gün Sayısı,,,,,,,,,,,,
36,Kars,Aylık Toplam Yağış Miktarı Ortalaması  (mm),22.7,23.2,30.1,49.3,82.6,76.9,56.5,43.7,29.5,41.7,27.2,22.9
36,Kars,En Yüksek Sıcaklık (°C),9.3,12.0,19.1,25.0,28.3,33.9,35.6,37.1,33.0,26.8,21.9,15.9
36,Kars,En Düşük Sıcaklık (°C),-36.7,-37.0,-31.5,-22.6,-7.0,-4.0,0.1,-1.9,-4.4,-17.5,-30.0,-35.0
37,Kastamonu,Ortalama Sıcaklık (°C),-1.0,0.8,4.4,9.6,14.1,17.5,20.2,20.0,15.9,10.9,5.3,1.0
37,Kastamonu,Ortalama En Yüksek Sıcaklık (°C),3.3,6.2,10.9,16.6,21.3,24.7,27.9,28.2,24.0,18.2,11.1,5.0
37,Kastamonu,Ortalama En Düşük Sıcaklık (°C),-4.5,-3.5,-0.9,3.4,7.6,10.5,12.3,12.3,8.9,5.2,0.9,-2.4
37,Kastamonu,Ortalama Güneşlenme Süresi (saat),2.3,3.5,4.4,5.6,7.1,8.4,9.7,9.4,7.3,5.4,3.7,2.1
37,Kastamonu,Ortalama Yağışlı Gün Sayısı,12.34,11.35,12.17,12.98,14.57,12.05,6.37,5.68,6.62,8.98,9.56,11.96
37,Kastamonu,Aylık Toplam Yağış Miktarı Ortalaması  (mm),29.5,27.1,35.9,51.4,75.4,74.5,32.6,31.5,30.7,34.2,28.6,33.7
37,Kastamonu,En Yüksek Sıcaklık (°C),19.2,21.1,27.8,31.4,35.1,37.5,42.2,40.2,39.3,32.5,25.3,21.1
37,Kastamonu,En Düşük Sıcaklık (°C),-26.9,-22.3,-19.7,-8.5,-3.6,0.2,0.0,0.9,-1.5,-7.5,-19.3,-23.7
38,Kayseri,Ortalama Sıcaklık (°C),-1.6,0.3,4.8,10.6,15.1,19.0,22.3,22.1,17.5,11.9,5.6,0.8
38,Kayseri,Ortalama En Yüksek Sıcaklık (°C),4.2,6.3,11.5,17.8,22.6,26.9,30.7,30.9,26.7,20.5,13.1,6.6
38,Kayseri,Ortalama En Düşük Sıcaklık (°C),-6.7,-5.1,-1.3,3.2,6.9,9.9,12.1,11.6,7.5,3.6,-0.8,-4.3
38,Kayseri,Ortalama Güneşlenme Süresi (saat),3.0,4.0,4.9,6.2,8.3,10.3,11.9,11.4,9.1,6.7,4.9,2.9
38,Kayseri,Ortalama Yağışlı Gün Sayısı,,,,,,,,,,,,
38,Kayseri,Aylık Toplam Yağış Miktarı Ortalaması  (mm),36.1,36.2,43.4,51.1,51.5,41.7,10.4,8.9,14.8,27.5,31.8,37.1
38,Kayseri,En Yüksek Sıcaklık (°C),19.3,22.6,28.6,31.2,34.2,37.6,40.7,40.6,38.4,33.6,26.0,21.0
38,Kayseri,En Düşük Sıcaklık (°C),-32.5,-31.2,-28.1,-11.6,-6.9,-0.6,2.9,1.4,-3.8,-12.2,-20.7,-28.4
39,Kırklareli,Ortalama Sıcaklık (°C),2.9,4.1,6.9,12.0,17.1,21.4,23.8,23.6,19.4,14.1,9.3,5.1
39,Kırklareli,Ortalama En Yüksek Sıcaklık (°C),6.9,8.6,12.2,17.9,23.5,28.0,30.7,30.7,26.2,20.0,13.9,8.8
39,Kırklareli,Ortalama En Düşük Sıcaklık (°C),0.1,1.0,3.0,7.1,11.6,15.6,17.8,17.8,14.1,9.8,5.9,2.3
39,Kırklareli,Ortalama Güneşlenme Süresi (saat),2.0,2.5,3.6,4.7,6.3,6.8,7.5,7.5,5.5,3.8,2.7,1.8
39,Kırklareli,Ortalama Yağışlı Gün Sayısı,11.11,9.15,9.26,10.32,10.05,8.75,4.75,3.6,4.82,6.98,8.55,11.32
39,Kırklareli,Aylık Toplam Yağış Miktarı Ortalaması  (mm),65.0,51.3,48.7,45.4,49.3,52.6,27.8,21.5,32.8,51.5,66.7,71.1
39,Kırklareli,En Yüksek Sıcaklık (°C),18.9,23.1,25.7,31.5,36.0,40.4,42.5,40.4,38.8,37.4,28.9,21.6
39,Kırklareli,En Düşük Sıcaklık (°C),-15.8,-15.0,-11.8,-3.0,1.4,5.8,8.8,8.7,3.0,-3.4,-7.2,-11.1
40,Kırşehir,Ortalama Sıcaklık (°C),-0.2,1.4,5.3,10.8,15.5,19.7,23.1,23.1,18.6,12.8,6.6,2.2
40,Kırşehir,Ortalama En Yüksek Sıcaklık (°C),4.6,6.7,11.3,17.2,22.1,26.3,29.9,30.1,26.1,20.1,13.1,7.0
40,Kırşehir,Ortalama En Düşük Sıcaklık (°C),-4.2,-3.1,-0.2,4.4,8.6,12.4,15.7,15.7,11.1,6.1,1.2,-1.8
40,Kırşehir,Ortalama Güneşlenme Süresi (saat),3.3,4.3,5.3,6.8,8.8,10.7,12.0,11.5,9.5,7.1,5.2,3.2
40,Kırşehir,Ortalama Yağışlı Gün Sayısı,11.95,10.22,10.72,10.41,11.31,7.31,1.93,1.4,3.03,6.22,8.0,11.73
40,Kırşehir,Aylık Toplam Yağış Miktarı Ortalaması  (mm),48.0,34.9,40.4,40.8,44.2,34.9,8.1,7.6,13.1,26.0,36.3,48.3
40,Kırşehir,En Yüksek Sıcaklık (°C),19.0,20.6,28.0,30.9,34.5,36.2,40.2,40.5,39.0,33.6,26.2,19.9
40,Kırşehir,En Düşük Sıcaklık (°C),-28.0,-25.3,-21.8,-8.2,-1.4,2.6,5.1,5.0,-1.2,-6.6,-21.5,-24.3
41,Kocaeli,Ortalama Sıcaklık (°C),6.2,6.7,8.5,13.0,17.6,21.7,23.8,24.0,20.5,16.2,12.2,8.4
41,Kocaeli,Ortalama En Yüksek Sıcaklık (°C),9.7,10.6,13.2,18.5,23.3,27.5,29.6,29.8,26.2,21.1,16.5,12.0
41,Kocaeli,Ortalama En Düşük Sıcaklık (°C),3.2,3.4,4.8,8.5,12.8,16.6,19.0,19.3,16.1,12.5,8.8,5.5
41,Kocaeli,Ortalama Güneşlenme Süresi (saat),2.5,3.1,4.0,5.7,7.3,8.8,9.5,9.0,7.0,4.7,3.6,2.6
41,Kocaeli,Ortalama Yağışlı Gün Sayısı,16.93,14.92,14.01,11.29,9.82,8.38,5.78,5.08,7.26,11.39,12.4,16.2
41,Kocaeli,Aylık Toplam Yağış Miktarı Ortalaması  (mm),92.7,76.3,71.8,51.5,48.4,56.2,45.1,42.8,58.8,85.7,79.0,108.1
41,Kocaeli,En Yüksek Sıcaklık (°C),24.9,26.7,30.8,35.0,37.2,40.7,44.1,42.9,40.2,36.2,30.0,27.4
41,Kocaeli,En Düşük Sıcaklık (°C),-13.1,-18.0,-6.5,-1.0,1.8,4.0,10.1,10.9,4.9,2.4,-3.4,-8.8
42,Konya,Ortalama Sıcaklık (°C),-0.2,1.5,5.5,11.1,15.9,20.1,23.5,23.4,18.8,12.9,6.5,1.8
42,Konya,Ortalama En Yüksek Sıcaklık (°C),4.6,7.0,11.7,17.5,22.4,26.6,30.2,30.2,26.0,20.1,13.1,6.7
42,Konya,Ortalama En Düşük Sıcaklık (°C),-4.2,-3.3,-0.2,4.3,8.6,12.7,15.9,15.7,11.1,6.0,0.9,-2.3
42,Konya,Ortalama Güneşlenme Süresi (saat),3.3,4.6,5.9,7.2,9.0,10.7,11.8,11.4,9.7,7.3,5.3,3.2
42,Konya,Ortalama Yağışlı Gün Sayısı,9.91,8.34,8.97,8.96,10.4,6.88,2.18,1.47,3.15,6.06,6.59,10.07
42,Konya,Aylık Toplam Yağış Miktarı Ortalaması  (mm),38.1,28.8,29.7,31.8,43.4,26.2,7.6,6.3,13.4,29.6,32.2,42.6
42,Konya,En Yüksek Sıcaklık (°C),19.3,23.8,28.9,30.9,34.4,36.7,40.6,40.9,38.8,32.3,25.4,21.8
42,Konya,En Düşük Sıcaklık (°C),-28.2,-26.5,-16.4,-8.6,-1.2,1.8,6.0,5.3,-3.0,-8.4,-20.0,-26.0
43,Kütahya,Ortalama Sıcaklık (°C),0.4,1.8,5.0,10.0,14.6,18.2,20.8,20.8,16.7,11.9,6.9,2.5
43,Kütahya,Ortalama En Yüksek Sıcaklık (°C),4.7,6.7,10.8,16.3,21.2,25.0,28.1,28.5,24.6,19.1,12.9,6.7
43,Kütahya,Ortalama En Düşük Sıcaklık (°C),-3.3,-2.4,-0.2,3.9,7.9,10.9,13.2,13.2,9.2,5.6,2.0,-1.1
43,Kütahya,Ortalama Güneşlenme Süresi (saat),2.4,3.5,4.6,6.2,7.6,9.3,10.5,9.7,7.7,5.3,3.7,2.2
43,Kütahya,Ortalama Yağışlı Gün Sayısı,14.51,12.98,13.0,11.51,12.17,8.32,3.82,3.34,4.68,8.2,9.93,14.06
43,Kütahya,Aylık Toplam Yağış Miktarı Ortalaması  (mm),72.3,59.0,57.8,50.3,55.9,40.8,19.2,18.0,23.4,40.5,49.5,76.8
43,Kütahya,En Yüksek Sıcaklık (°C),19.1,24.2,27.0,30.2,34.3,36.2,39.5,41.4,38.4,31.9,26.0,21.7
43,Kütahya,En Düşük Sıcaklık (°C),-26.3,-27.4,-16.6,-7.8,-2.8,0.5,2.6,-0.2,-3.9,-6.9,-11.0,-28.1
44,Malatya,Ortalama Sıcaklık (°C),-0.2,1.5,6.8,12.9,18.0,23.1,27.1,27.1,22.5,15.6,8.0,2.2
44,Malatya,Ortalama En Yüksek Sıcaklık (°C),3.2,5.6,11.6,18.4,24.0,29.6,34.0,34.0,29.2,21.4,12.6,5.5
44,Malatya,Ortalama En Düşük Sıcaklık (°C),-3.3,-2.0,2.3,7.5,11.9,16.3,19.9,20.0,15.6,10.0,4.0,-0.7
44,Malatya,Ortalama Güneşlenme Süresi (saat),3.3,4.4,5.6,7.2,9.3,11.5,12.4,11.7,10.1,7.4,5.2,3.2
44,Malatya,Ortalama Yağışlı Gün Sayısı,10.49,10.23,10.65,10.31,9.67,4.6,0.97,0.79,1.99,6.43,8.23,10.46
44,Malatya,Aylık Toplam Yağış Miktarı Ortalaması  (mm),42.4,41.1,48.8,55.0,45.6,17.4,3.9,3.5,8.1,35.7,41.7,40.4
44,Malatya,En Yüksek Sıcaklık (°C),15.4,20.3,27.2,33.7,36.3,40.0,42.5,42.7,39.6,34.4,25.0,18.0
44,Malatya,En Düşük Sıcaklık (°C),-19.5,-21.2,-13.9,-6.6,0.1,4.9,10.0,9.3,3.2,-1.2,-12.0,-22.2
45,Manisa,Ortalama Sıcaklık (°C),6.6,7.9,10.5,15.1,20.3,25.2,28.0,27.7,23.4,17.8,12.2,8.1
45,Manisa,Ortalama En Yüksek Sıcaklık (°C),10.8,12.7,16.2,21.5,27.1,32.1,35.0,34.9,30.8,24.4,17.6,12.3
45,Manisa,Ortalama En Düşük Sıcaklık (°C),3.0,3.7,5.3,8.9,13.4,17.6,20.5,20.4,16.2,11.8,7.6,4.5
45,Manisa,Ortalama Güneşlenme Süresi (saat),2.7,3.7,5.1,6.1,8.1,10.1,10.8,10.2,8.6,6.2,3.9,2.3
45,Manisa,Ortalama Yağışlı Gün Sayısı,13.17,11.03,9.93,8.97,6.79,3.45,1.06,0.85,2.3,5.7,9.46,13.54
45,Manisa,Aylık Toplam Yağış Miktarı Ortalaması  (mm),127.9,107.2,77.9,55.7,38.7,20.3,9.5,9.1,19.2,51.4,89.5,137.2
45,Manisa,En Yüksek Sıcaklık (°C),24.2,26.4,33.5,34.7,40.6,42.4,45.5,44.7,42.4,38.2,31.6,26.4
45,Manisa,En Düşük Sıcaklık (°C),-17.5,-10.9,-6.7,-2.7,2.0,7.4,10.5,8.5,3.3,-0.9,-7.3,-9.9
46,Kahramanmaraş,Ortalama Sıcaklık (°C),4.8,6.2,10.4,15.1,20.1,24.9,28.3,28.5,25.0,18.9,11.9,6.7
46,Kahramanmaraş,Ortalama En Yüksek Sıcaklık (°C),9.3,11.2,15.9,21.3,26.8,32.0,35.8,36.2,32.7,26.1,17.9,11.3
46,Kahramanmaraş,Ortalama En Düşük Sıcaklık (°C),1.4,2.5,5.8,9.9,14.1,18.7,22.2,22.3,18.5,13.0,7.2,3.4
46,Kahramanmaraş,Ortalama Güneşlenme Süresi (saat),3.3,4.0,5.5,6.6,8.1,10.0,10.5,9.8,8.7,6.6,4.5,3.2
46,Kahramanmaraş,Ortalama Yağışlı Gün Sayısı,10.3,10.45,10.25,9.23,6.86,2.11,0.41,0.37,1.79,5.51,7.07,10.03
46,Kahramanmaraş,Aylık Toplam Yağış Miktarı Ortalaması  (mm),124.0,112.2,95.1,73.0,38.8,8.6,2.7,2.2,11.0,45.4,78.0,130.6
46,Kahramanmaraş,En Yüksek Sıcaklık (°C),18.7,25.3,29.8,36.0,39.3,42.0,45.2,47.2,42.5,38.6,29.6,24.0
46,Kahramanmaraş,En Düşük Sıcaklık (°C),-9.0,-9.6,-7.6,-1.8,4.7,6.6,12.4,12.5,4.0,0.0,-4.4,-7.6
47,Mardin,Ortalama Sıcaklık (°C),3.1,4.2,8.0,13.5,19.5,25.6,29.8,29.7,25.4,18.7,11.1,5.5
47,Mardin,Ortalama En Yüksek Sıcaklık (°C),5.9,7.4,11.6,17.4,24.0,30.6,35.1,34.8,30.2,22.9,14.6,8.2
47,Mardin,Ortalama En Düşük Sıcaklık (°C),0.6,1.4,4.7,9.8,15.1,20.3,24.6,24.8,20.9,14.7,8.1,3.0
47,Mardin,Ortalama Güneşlenme Süresi (saat),4.5,5.2,5.9,7.3,9.7,12.1,12.4,11.4,10.3,7.7,5.9,4.4
47,Mardin,Ortalama Yağışlı Gün Sayısı,12.02,10.58,11.67,10.28,7.34,1.52,0.47,0.24,0.71,5.13,7.71,10.8
47,Mardin,Aylık Toplam Yağış Miktarı Ortalaması  (mm),114.9,102.9,97.6,80.7,46.8,6.5,3.2,2.3,3.9,33.4,72.8,108.5
47,Mardin,En Yüksek Sıcaklık (°C),19.4,19.5,27.5,33.6,36.1,40.0,42.5,42.0,40.5,35.6,26.1,24.1
47,Mardin,En Düşük Sıcaklık (°C),-13.4,-14.0,-11.7,-5.3,2.6,0.6,11.8,12.8,8.0,-2.5,-9.5,-11.9
48,Muğla,Ortalama Sıcaklık (°C),5.3,6.1,8.5,12.7,17.7,22.8,26.4,26.3,21.9,16.2,10.8,7.0
48,Muğla,Ortalama En Yüksek Sıcaklık (°C),9.8,11.0,14.1,18.9,24.3,29.6,33.5,33.6,29.3,23.2,16.7,11.6
48,Muğla,Ortalama En Düşük Sıcaklık (°C),1.6,1.9,3.5,7.0,11.4,16.1,19.7,19.6,15.3,10.3,5.9,3.2
48,Muğla,Ortalama Güneşlenme Süresi (saat),3.4,4.4,5.7,7.3,8.7,10.5,11.4,10.9,9.4,6.7,4.6,3.3
48,Muğla,Ortalama Yağışlı Gün Sayısı,14.89,12.22,10.5,8.63,7.46,3.79,1.51,1.4,2.68,6.3,9.73,14.49
48,Muğla,Aylık Toplam Yağış Miktarı Ortalaması  (mm),245.5,176.5,122.0,64.0,51.0,24.6,11.6,14.6,23.0,72.1,137.0,264.2
48,Muğla,En Yüksek Sıcaklık (°C),20.9,25.5,28.8,31.6,39.4,40.8,42.1,41.2,39.2,36.8,29.0,23.8
48,Muğla,En Düşük Sıcaklık (°C),-12.6,-9.9,-8.5,-3.6,1.0,6.7,10.5,9.0,5.6,0.1,-7.0,-9.0
49,Muş,Ortalama Sıcaklık (°C),-7.0,-5.6,1.2,9.2,14.8,20.1,25.0,25.1,20.2,12.8,4.8,-2.5
49,Muş,Ortalama En Yüksek Sıcaklık (°C),-2.9,-1.1,6.0,14.9,21.3,27.6,33.0,33.2,28.4,20.0,10.1,1.3
49,Muş,Ortalama En Düşük Sıcaklık (°C),-10.6,-9.4,-2.7,4.4,8.9,12.8,17.1,17.1,12.4,7.0,0.7,-5.6
49,Muş,Ortalama Güneşlenme Süresi (saat),1.9,2.8,4.2,5.7,7.9,10.2,10.8,10.4,9.1,6.2,3.6,2.0
49,Muş,Ortalama Yağışlı Gün Sayısı,13.6,12.15,14.42,14.33,14.08,6.33,2.07,1.55,2.93,9.18,9.75,12.45
49,Muş,Aylık Toplam Yağış Miktarı Ortalaması  (mm),88.4,96.8,108.5,102.5,69.0,26.9,7.6,5.7,15.3,62.9,87.9,88.1
49,Muş,En Yüksek Sıcaklık (°C),10.2,15.0,22.8,30.0,32.2,37.4,41.6,41.2,37.0,30.6,22.8,16.0
49,Muş,En Düşük Sıcaklık (°C),-32.6,-34.4,-31.4,-10.2,-2.4,2.2,3.6,8.0,0.0,-3.0,-25.8,-32.0
50,Nevşehir,Ortalama Sıcaklık (°C),-0.2,0.9,4.9,10.1,14.5,18.3,21.3,21.2,17.3,12.1,6.7,2.1
50,Nevşehir,Ortalama En Yüksek Sıcaklık (°C),3.9,5.5,10.2,15.9,20.6,24.8,28.5,28.6,24.5,18.3,11.8,6.2
50,Nevşehir,Ortalama En Düşük Sıcaklık (°C),-3.7,-2.7,0.6,5.1,8.8,11.6,13.6,13.5,10.4,6.8,2.4,-1.3
50,Nevşehir,Ortalama Güneşlenme Süresi (saat),3.2,4.2,5.3,6.6,8.4,10.5,11.9,11.3,9.4,6.5,4.6,3.1
50,Nevşehir,Ortalama Yağışlı Gün Sayısı,12.34,12.18,13.14,12.46,12.85,8.26,2.32,1.69,3.45,7.06,8.65,12.26
50,Nevşehir,Aylık Toplam Yağış Miktarı Ortalaması  (mm),45.7,40.9,47.8,50.3,56.8,37.8,9.8,7.8,13.8,28.5,34.3,48.7
50,Nevşehir,En Yüksek Sıcaklık (°C),19.8,19.6,28.0,31.6,32.6,35.0,39.5,38.2,37.4,32.0,27.6,23.0
50,Nevşehir,En Düşük Sıcaklık (°C),-21.2,-23.6,-18.0,-12.5,-2.3,1.3,3.8,3.1,-1.2,-7.6,-14.0,-19.5
51,Niğde,Ortalama Sıcaklık (°C),-0.3,1.1,5.1,10.6,15.1,19.2,22.5,22.4,18.1,12.6,6.6,1.9
51,Niğde,Ortalama En Yüksek Sıcaklık (°C),4.9,6.5,10.9,16.8,21.5,25.8,29.4,29.7,25.7,19.7,13.1,7.2
51,Niğde,Ortalama En Düşük Sıcaklık (°C),-4.6,-3.4,-0.2,4.4,8.4,11.9,14.8,14.6,10.4,6.0,1.2,-2.4
51,Niğde,Ortalama Güneşlenme Süresi (saat),3.8,4.9,5.7,6.9,8.4,10.3,11.5,11.1,9.9,7.4,5.4,3.8
51,Niğde,Ortalama Yağışlı Gün Sayısı,10.83,10.27,11.39,11.1,11.73,6.97,1.81,1.52,2.9,6.4,7.4,10.64
51,Niğde,Aylık Toplam Yağış Miktarı Ortalaması  (mm),35.4,33.0,36.1,41.2,48.1,28.7,5.2,6.7,10.6,25.9,31.1,41.0
51,Niğde,En Yüksek Sıcaklık (°C),19.9,20.5,26.4,30.8,33.0,35.0,38.5,39.7,37.3,32.0,25.0,21.2
51,Niğde,En Düşük Sıcaklık (°C),-25.6,-24.2,-23.9,-6.9,-2.6,3.5,6.6,6.5,-0.7,-6.2,-19.5,-24.0
52,Ordu,Ortalama Sıcaklık (°C),7.0,7.0,8.2,11.5,15.7,20.4,23.2,23.5,20.3,16.2,12.3,9.1
52,Ordu,Ortalama En Yüksek Sıcaklık (°C),11.0,11.1,12.2,15.3,19.3,24.1,26.8,27.4,24.4,20.3,16.6,13.2
52,Ordu,Ortalama En Düşük Sıcaklık (°C),4.0,4.0,5.2,8.4,12.5,16.8,19.6,20.1,17.0,13.1,8.9,6.0
52,Ordu,Ortalama Güneşlenme Süresi (saat),2.5,3.1,3.3,4.4,5.6,6.8,6.3,6.1,5.2,4.2,3.4,2.5
52,Ordu,Ortalama Yağışlı Gün Sayısı,14.27,13.81,15.47,14.25,13.55,11.34,9.77,9.78,11.86,14.23,12.95,14.34
52,Ordu,Aylık Toplam Yağış Miktarı Ortalaması  (mm),102.8,84.6,83.7,67.1,56.8,71.4,66.6,69.7,83.8,131.7,120.4,113.1
52,Ordu,En Yüksek Sıcaklık (°C),25.8,28.3,32.8,36.8,35.6,37.3,37.1,36.3,36.4,34.2,32.4,29.7
52,Ordu,En Düşük Sıcaklık (°C),-7.2,-6.7,-4.7,-1.4,3.4,8.4,12.6,13.0,8.2,2.5,-1.5,-3.2
53,Rize,Ortalama Sıcaklık (°C),6.8,6.8,8.1,11.7,16.0,20.3,22.9,23.3,20.3,16.4,12.3,8.8
53,Rize,Ortalama En Yüksek Sıcaklık (°C),10.7,10.8,11.9,15.4,19.4,23.6,26.0,26.6,24.0,20.4,16.5,12.9
53,Rize,Ortalama En Düşük Sıcaklık (°C),3.8,3.7,4.9,8.4,12.7,16.8,19.6,20.1,17.0,13.1,9.1,5.8
53,Rize,Ortalama Güneşlenme Süresi (saat),2.3,3.1,3.6,4.6,5.7,6.6,5.4,5.2,5.0,4.2,3.0,2.2
53,Rize,Ortalama Yağışlı Gün Sayısı,14.64,14.32,15.81,14.54,14.24,14.18,13.67,14.22,14.64,14.79,13.56,14.16
53,Rize,Aylık Toplam Yağış Miktarı Ortalaması  (mm),230.8,185.9,161.4,96.0,96.2,134.9,151.2,194.9,257.6,294.3,254.5,242.3
53,Rize,En Yüksek Sıcaklık (°C),26.6,28.1,32.6,35.8,38.2,36.1,35.4,35.6,35.0,33.8,30.4,26.7
53,Rize,En Düşük Sıcaklık (°C),-6.5,-6.6,-7.0,-2.8,4.0,7.8,12.0,13.4,4.6,2.5,-2.6,-4.0
54,Sakarya,Ortalama Sıcaklık (°C),6.2,6.8,8.7,12.9,17.4,21.4,23.5,23.4,19.8,15.6,11.8,8.3
54,Sakarya,Ortalama En Yüksek Sıcaklık (°C),9.9,11.2,13.8,19.0,23.6,27.6,29.5,29.6,26.4,21.5,16.9,12.1
54,Sakarya,Ortalama En Düşük Sıcaklık (°C),3.0,3.4,4.6,8.2,12.3,16.0,18.0,18.1,14.6,11.2,7.7,5.1
54,Sakarya,Ortalama Güneşlenme Süresi (saat),2.5,3.2,4.0,5.3,6.6,8.0,8.9,8.5,6.9,4.7,3.5,2.5
54,Sakarya,Ortalama Yağışlı Gün Sayısı,15.4,14.06,13.91,11.5,10.17,8.77,5.83,5.79,7.47,10.83,11.71,15.41
54,Sakarya,Aylık Toplam Yağış Miktarı Ortalaması  (mm),93.3,76.3,75.7,59.4,53.3,74.9,50.1,49.4,51.5,78.9,76.5,106.7
54,Sakarya,En Yüksek Sıcaklık (°C),26.5,28.7,31.9,35.8,38.0,40.4,44.0,41.8,40.7,38.6,30.2,28.5
54,Sakarya,En Düşük Sıcaklık (°C),-14.5,-13.5,-7.3,-2.4,2.0,6.1,8.7,7.8,5.4,-0.2,-6.6,-9.1
55,Samsun,Ortalama Sıcaklık (°C),7.2,7.2,8.0,11.3,15.6,20.3,23.2,23.7,20.3,16.5,12.8,9.5
55,Samsun,Ortalama En Yüksek Sıcaklık (°C),10.8,11.0,12.1,15.3,19.1,23.7,26.6,27.2,24.0,20.4,16.8,13.1
55,Samsun,Ortalama En Düşük Sıcaklık (°C),4.2,3.9,4.7,7.8,12.1,16.3,19.2,19.7,16.6,13.0,9.4,6.4
55,Samsun,Ortalama Güneşlenme Süresi (saat),2.7,3.2,3.6,4.7,6.3,8.3,8.9,8.2,6.3,4.7,3.8,2.7
55,Samsun,Ortalama Yağışlı Gün Sayısı,13.57,13.65,15.27,13.53,12.72,9.33,5.96,6.2,9.61,11.99,11.83,12.97
55,Samsun,Aylık Toplam Yağış Miktarı Ortalaması  (mm),72.9,59.3,67.7,57.2,49.1,47.4,34.9,37.1,54.6,79.2,83.0,80.8
55,Samsun,En Yüksek Sıcaklık (°C),24.2,26.5,33.6,37.0,37.4,37.4,37.5,39.0,38.7,38.4,32.4,28.9
55,Samsun,En Düşük Sıcaklık (°C),-8.1,-9.8,-7.0,-2.4,2.7,1.9,13.4,12.4,6.8,1.5,-2.8,-5.0
56,Siirt,Ortalama Sıcaklık (°C),2.7,4.3,8.4,13.9,19.5,26.0,30.7,30.4,25.6,18.3,10.6,4.9
56,Siirt,Ortalama En Yüksek Sıcaklık (°C),6.7,8.9,13.4,19.3,25.3,32.3,37.1,37.1,32.3,24.5,15.5,8.9
56,Siirt,Ortalama En Düşük Sıcaklık (°C),-0.5,0.6,4.1,9.0,13.7,19.1,23.5,23.3,18.9,12.8,6.5,1.7
56,Siirt,Ortalama Güneşlenme Süresi (saat),3.6,4.4,5.4,6.5,8.9,11.6,12.1,11.3,9.9,7.2,5.2,3.6
56,Siirt,Ortalama Yağışlı Gün Sayısı,12.33,11.91,14.14,12.94,10.15,3.14,0.66,0.64,1.58,7.06,8.92,11.41
56,Siirt,Aylık Toplam Yağış Miktarı Ortalaması  (mm),95.2,97.2,112.7,103.3,62.5,9.1,2.6,1.9,6.8,50.0,81.4,93.3
56,Siirt,En Yüksek Sıcaklık (°C),19.7,20.6,28.5,32.9,36.8,40.2,44.4,46.0,41.3,36.6,25.8,24.3
56,Siirt,En Düşük Sıcaklık (°C),-19.3,-16.5,-13.3,-4.1,2.0,8.2,13.1,14.4,8.5,0.3,-6.6,-14.6
57,Sinop,Ortalama Sıcaklık (°C),7.1,6.8,7.5,10.7,15.0,19.9,23.0,23.4,20.2,16.4,12.7,9.4
57,Sinop,Ortalama En Yüksek Sıcaklık (°C),9.8,9.7,10.6,14.1,18.3,23.1,26.0,26.4,23.2,19.3,15.6,12.2
57,Sinop,Ortalama En Düşük Sıcaklık (°C),4.7,4.3,5.0,8.0,12.2,16.9,19.9,20.4,17.4,13.8,10.1,6.9
57,Sinop,Ortalama Güneşlenme Süresi (saat),2.3,3.0,3.8,5.3,6.6,8.7,9.6,8.7,6.8,4.7,3.2,2.3
57,Sinop,Ortalama Yağışlı Gün Sayısı,15.3,13.41,13.68,11.24,10.19,7.77,5.27,6.02,8.85,12.13,12.45,15.34
57,Sinop,Aylık Toplam Yağış Miktarı Ortalaması  (mm),73.6,51.4,53.7,38.2,35.2,37.5,33.7,41.7,66.0,86.1,82.9,91.4
57,Sinop,En Yüksek Sıcaklık (°C),22.8,25.0,29.3,32.0,33.6,33.2,34.5,39.3,34.0,34.0,29.6,27.4
57,Sinop,En Düşük Sıcaklık (°C),-6.2,-7.5,-8.4,-0.4,-0.7,8.8,13.5,13.2,6.5,0.7,-1.2,-4.1
58,Sivas,Ortalama Sıcaklık (°C),-3.4,-2.1,2.7,9.0,13.5,17.0,20.0,20.2,16.2,11.0,4.8,-0.6
58,Sivas,Ortalama En Yüksek Sıcaklık (°C),0.9,2.6,8.1,15.3,20.1,24.1,27.8,28.6,24.7,18.6,10.9,3.7
58,Sivas,Ortalama En Düşük Sıcaklık (°C),-7.3,-6.2,-2.1,3.1,6.9,9.6,11.7,11.8,8.1,4.2,-0.2,-4.3
58,Sivas,Ortalama Güneşlenme Süresi (saat),2.6,3.6,4.8,6.3,8.1,10.5,11.9,11.4,9.4,6.5,4.2,2.5
58,Sivas,Ortalama Yağışlı Gün Sayısı,12.93,12.13,13.33,13.33,13.9,8.76,2.4,2.04,4.22,7.72,9.3,12.17
58,Sivas,Aylık Toplam Yağış Miktarı Ortalaması  (mm),43.0,39.1,46.1,56.3,60.3,35.2,9.3,6.7,17.8,33.0,40.2,44.1
58,Sivas,En Yüksek Sıcaklık (°C),18.6,18.1,25.2,29.0,33.5,35.5,40.0,39.9,37.0,30.5,24.0,19.4
58,Sivas,En Düşük Sıcaklık (°C),-31.2,-34.4,-27.6,-11.0,-5.5,-0.6,3.0,3.2,-3.8,-9.0,-24.4,-30.2
59,Tekirdağ,Ortalama Sıcaklık (°C),4.9,5.5,7.3,11.7,16.7,21.1,23.7,23.9,20.3,15.7,11.3,7.3
59,Tekirdağ,Ortalama En Yüksek Sıcaklık (°C),8.1,9.0,11.0,15.7,20.6,25.3,28.1,28.3,24.5,19.5,14.8,10.5
59,Tekirdağ,Ortalama En Düşük Sıcaklık (°C),2.0,2.5,4.1,8.1,12.7,16.7,19.1,19.4,16.2,12.1,8.2,4.4
59,Tekirdağ,Ortalama Güneşlenme Süresi (saat),2.8,3.4,4.2,6.0,7.4,8.5,9.4,8.4,6.8,4.9,3.2,2.5
59,Tekirdağ,Ortalama Yağışlı Gün Sayısı,12.3,10.51,10.71,9.5,8.29,7.31,3.56,2.44,4.56,7.49,9.46,11.99
59,Tekirdağ,Aylık Toplam Yağış Miktarı Ortalaması  (mm),68.0,54.5,53.4,42.1,37.2,38.3,23.8,15.5,32.7,60.2,74.3,80.0
59,Tekirdağ,En Yüksek Sıcaklık (°C),23.9,24.7,28.1,34.3,33.8,40.2,38.4,39.4,39.7,35.1,28.2,23.5
59,Tekirdağ,En Düşük Sıcaklık (°C),-13.5,-13.3,-10.4,-1.2,2.7,8.6,10.9,11.0,3.7,-1.8,-7.8,-10.9
60,Tokat,Ortalama Sıcaklık (°C),1.9,3.6,7.4,12.5,16.4,19.7,22.1,22.4,18.9,13.8,8.0,3.8
60,Tokat,Ortalama En Yüksek Sıcaklık (°C),6.3,8.5,13.2,19.2,23.6,26.9,29.1,29.9,26.7,20.8,13.8,8.0
60,Tokat,Ortalama En Düşük Sıcaklık (°C),-1.6,-0.6,2.5,6.6,10.2,13.3,15.6,15.8,12.3,8.3,3.5,0.4
60,Tokat,Ortalama Güneşlenme Süresi (saat),2.7,3.7,4.6,6.1,7.2,7.8,8.4,9.1,8.2,5.6,4.0,2.5
60,Tokat,Ortalama Yağışlı Gün Sayısı,10.75,10.06,11.92,12.01,13.15,8.76,2.78,2.36,4.68,7.58,8.88,10.92
60,Tokat,Aylık Toplam Yağış Miktarı Ortalaması  (mm),42.6,34.2,43.1,53.5,58.6,41.5,12.0,8.6,19.4,35.6,41.6,44.3
60,Tokat,En Yüksek Sıcaklık (°C),21.9,22.8,31.1,35.1,37.2,39.8,45.0,40.8,40.7,35.3,30.8,26.0
60,Tokat,En Düşük Sıcaklık (°C),-23.4,-22.1,-21.2,-6.3,0.0,2.7,6.1,6.7,2.4,-3.2,-11.8,-21.0
61,Trabzon,Ortalama Sıcaklık (°C),7.5,7.3,8.4,11.8,15.9,20.2,23.0,23.5,20.5,16.7,13.1,9.6
61,Trabzon,Ortalama En Yüksek Sıcaklık (°C),10.9,10.8,12.0,15.6,19.2,23.2,26.0,26.6,23.8,20.1,16.6,13.1
61,Trabzon,Ortalama En Düşük Sıcaklık (°C),4.7,4.4,5.5,8.7,12.9,17.1,20.0,20.5,17.4,13.7,10.1,6.8
61,Trabzon,Ortalama Güneşlenme Süresi (saat),2.7,3.3,3.4,4.4,5.6,7.1,5.9,5.6,4.9,4.5,3.6,2.7
61,Trabzon,Ortalama Yağışlı Gün Sayısı,12.15,11.99,13.24,12.87,12.66,10.73,7.9,8.61,10.74,12.18,11.8,12.36
61,Trabzon,Aylık Toplam Yağış Miktarı Ortalaması  (mm),82.5,64.4,59.8,57.3,52.4,52.1,35.8,47.7,78.4,113.3,100.5,84.7
61,Trabzon,En Yüksek Sıcaklık (°C),27.0,30.1,35.2,37.6,38.2,36.7,37.0,38.2,37.9,33.8,32.8,26.4
61,Trabzon,En Düşük Sıcaklık (°C),-7.0,-7.4,-5.8,-2.0,4.2,9.2,11.0,13.5,7.3,3.4,-1.6,-3.3
62,Tunceli,Ortalama Sıcaklık (°C),-1.9,-0.1,5.6,11.8,16.8,22.4,27.1,26.8,21.6,14.6,6.9,1.1
62,Tunceli,Ortalama En Yüksek Sıcaklık (°C),3.1,5.2,11.4,18.3,24.1,30.1,35.1,35.5,30.7,22.9,13.7,5.8
62,Tunceli,Ortalama En Düşük Sıcaklık (°C),-5.4,-4.0,1.1,6.2,10.1,14.5,18.9,18.5,13.4,8.2,2.1,-2.2
62,Tunceli,Ortalama Güneşlenme Süresi (saat),3.4,4.3,5.3,6.5,8.4,10.8,11.6,10.7,9.2,6.7,5.0,3.2
62,Tunceli,Ortalama Yağışlı Gün Sayısı,12.03,11.88,13.39,13.56,12.41,5.19,1.5,1.3,2.67,8.19,9.41,11.88
62,Tunceli,Aylık Toplam Yağış Miktarı Ortalaması  (mm),129.7,105.2,116.5,104.8,72.0,18.0,5.1,4.7,16.7,63.5,102.1,134.7
62,Tunceli,En Yüksek Sıcaklık (°C),14.2,19.4,26.0,32.2,36.6,39.0,43.5,43.5,40.3,35.6,27.0,21.7
62,Tunceli,En Düşük Sıcaklık (°C),-30.3,-29.0,-24.7,-7.1,-0.1,1.0,9.2,7.7,2.6,-4.0,-16.4,-25.6
63,Şanlıurfa,Ortalama Sıcaklık (°C),5.6,7.1,10.9,16.3,22.3,28.1,32.0,31.6,27.2,20.6,13.2,7.6
63,Şanlıurfa,Ortalama En Yüksek Sıcaklık (°C),10.0,12.0,16.4,22.4,28.8,34.7,38.8,38.4,34.0,27.1,18.8,12.1
63,Şanlıurfa,Ortalama En Düşük Sıcaklık (°C),2.1,2.9,5.8,10.3,15.3,20.6,24.3,24.0,20.1,14.6,8.5,4.1
63,Şanlıurfa,Ortalama Güneşlenme Süresi (saat),4.1,5.1,6.4,7.8,10.0,12.1,12.3,11.3,10.0,7.9,5.8,4.0
63,Şanlıurfa,Ortalama Yağışlı Gün Sayısı,11.86,10.35,10.47,8.75,6.08,1.37,0.3,0.24,0.78,4.74,7.45,10.75
63,Şanlıurfa,Aylık Toplam Yağış Miktarı Ortalaması  (mm),86.3,68.1,65.3,48.9,27.0,4.3,2.0,3.5,4.6,25.6,45.2,79.6
63,Şanlıurfa,En Yüksek Sıcaklık (°C),21.6,25.5,29.5,36.4,40.4,44.1,46.8,46.2,43.9,37.8,30.8,26.0
63,Şanlıurfa,En Düşük Sıcaklık (°C),-10.6,-12.4,-7.3,-3.2,2.5,8.3,15.0,16.0,10.0,1.9,-6.0,-6.4
64,Uşak,Ortalama Sıcaklık (°C),2.3,3.3,6.1,10.9,15.6,19.9,23.4,23.5,19.2,13.7,8.4,4.3
64,Uşak,Ortalama En Yüksek Sıcaklık (°C),6.9,8.3,11.7,16.8,21.9,26.5,30.4,30.7,26.4,20.3,14.2,8.9
64,Uşak,Ortalama En Düşük Sıcaklık (°C),-1.2,-0.6,1.3,5.2,9.2,12.7,15.5,15.7,12.0,8.0,3.9,0.8
64,Uşak,Ortalama Güneşlenme Süresi (saat),3.9,4.6,5.5,6.8,8.8,10.9,11.8,11.3,9.7,7.3,5.3,3.8
64,Uşak,Ortalama Yağışlı Gün Sayısı,11.33,10.06,9.84,9.39,8.93,4.87,2.42,1.73,2.87,6.07,7.44,11.55
64,Uşak,Aylık Toplam Yağış Miktarı Ortalaması  (mm),73.4,66.7,58.0,50.9,48.0,27.2,16.5,12.6,18.6,42.2,58.9,84.6
64,Uşak,En Yüksek Sıcaklık (°C),18.3,23.6,27.0,30.0,34.5,36.6,40.2,41.9,36.6,32.6,26.6,21.8
64,Uşak,En Düşük Sıcaklık (°C),-19.9,-15.0,-12.5,-6.2,-1.0,2.9,7.4,6.8,2.0,-4.8,-11.8,-18.9
65,Van,Ortalama Sıcaklık (°C),-3.1,-2.5,1.7,7.8,13.2,18.3,22.3,22.2,17.9,11.4,4.9,-0.3
65,Van,Ortalama En Yüksek Sıcaklık (°C),2.0,2.7,6.6,12.9,18.6,24.0,28.3,28.5,24.4,17.4,10.3,4.6
65,Van,Ortalama En Düşük Sıcaklık (°C),-7.5,-7.0,-2.7,2.7,7.1,10.9,14.7,14.7,10.8,5.7,0.4,-4.5
65,Van,Ortalama Güneşlenme Süresi (saat),4.6,5.4,5.9,7.3,9.3,11.7,12.1,11.3,9.8,7.0,5.5,4.3
65,Van,Ortalama Yağışlı Gün Sayısı,10.12,9.88,12.27,12.2,11.07,5.09,1.96,1.31,2.32,8.33,8.98,9.87
65,Van,Aylık Toplam Yağış Miktarı Ortalaması  (mm),36.1,32.4,46.5,54.9,45.7,18.3,6.2,5.9,15.3,46.9,47.2,37.8
65,Van,En Yüksek Sıcaklık (°C),12.6,14.3,22.7,27.2,29.3,33.5,37.5,36.7,35.0,28.8,20.1,15.5
65,Van,En Düşük Sıcaklık (°C),-28.7,-28.2,-22.7,-13.1,-3.5,-2.6,3.6,5.0,-0.1,-14.0,-18.6,-21.3
66,Yozgat,Ortalama Sıcaklık (°C),-1.7,-0.6,3.0,8.5,13.1,16.7,19.6,19.8,15.9,10.8,5.1,0.7
66,Yozgat,Ortalama En Yüksek Sıcaklık (°C),2.2,3.7,8.1,14.0,18.9,22.7,26.0,26.5,22.7,17.0,10.4,4.6
66,Yozgat,Ortalama En Düşük Sıcaklık (°C),-5.3,-4.6,-1.5,3.2,7.4,10.5,12.9,13.1,9.5,5.4,0.7,-2.6
66,Yozgat,Ortalama Güneşlenme Süresi (saat),3.0,4.1,5.1,6.3,7.9,9.7,10.8,10.5,8.8,6.5,4.7,3.0
66,Yozgat,Ortalama Yağışlı Gün Sayısı,13.51,12.7,13.48,12.81,13.46,9.24,2.99,2.3,3.87,7.19,8.91,13.29
66,Yozgat,Aylık Toplam Yağış Miktarı Ortalaması  (mm),68.0,59.5,69.4,58.3,66.0,45.9,12.5,11.2,18.1,33.2,54.0,75.3
66,Yozgat,En Yüksek Sıcaklık (°C),15.4,18.5,25.0,29.5,31.4,33.4,38.8,37.4,35.4,30.1,22.9,18.2
66,Yozgat,En Düşük Sıcaklık (°C),-23.7,-24.4,-20.6,-12.6,-3.0,-0.4,3.0,3.7,-2.4,-6.8,-18.5,-20.2
67,Zonguldak,Ortalama Sıcaklık (°C),6.2,6.4,7.5,11.3,15.4,19.6,21.9,22.0,19.0,15.4,11.9,8.5
67,Zonguldak,Ortalama En Yüksek Sıcaklık (°C),9.3,9.6,10.9,14.9,18.9,23.1,25.2,25.4,22.5,18.8,15.3,11.7
67,Zonguldak,Ortalama En Düşük Sıcaklık (°C),3.6,3.5,4.6,8.1,12.2,16.0,18.1,18.3,15.5,12.3,8.9,5.8
67,Zonguldak,Ortalama Güneşlenme Süresi (saat),2.3,2.8,3.8,5.2,6.8,9.0,9.9,9.1,7.2,4.9,3.4,2.4
67,Zonguldak,Ortalama Yağışlı Gün Sayısı,18.06,15.84,15.27,12.2,10.91,8.79,6.65,6.86,8.44,12.34,13.71,17.44
67,Zonguldak,Aylık Toplam Yağış Miktarı Ortalaması  (mm),139.4,99.7,98.6,65.1,54.5,75.2,69.6,82.7,102.3,144.3,142.6,154.1
67,Zonguldak,En Yüksek Sıcaklık (°C),24.1,26.7,31.7,33.6,36.7,40.5,39.5,39.8,36.2,35.9,30.9,28.1
67,Zonguldak,En Düşük Sıcaklık (°C),-7.7,-8.0,-6.4,-2.1,3.0,8.8,11.2,10.0,5.9,1.8,-3.2,-7.4
68,Aksaray,Ortalama Sıcaklık (°C),0.5,2.0,6.4,11.5,16.2,20.2,23.5,23.3,18.8,13.4,7.3,2.7
68,Aksaray,Ortalama En Yüksek Sıcaklık (°C),5.5,7.5,12.5,18.1,23.1,27.1,30.7,30.8,26.7,21.0,13.8,7.8
68,Aksaray,Ortalama En Düşük Sıcaklık (°C),-3.6,-2.2,1.3,5.6,9.7,13.1,16.2,16.0,11.4,6.9,2.0,-1.3
68,Aksaray,Ortalama Güneşlenme Süresi (saat),3.2,4.5,5.6,7.0,9.0,11.0,12.1,11.4,9.7,7.1,5.0,3.2
68,Aksaray,Ortalama Yağışlı Gün Sayısı,9.88,9.93,10.67,10.55,10.38,6.29,1.55,1.46,2.78,5.46,7.12,10.48
68,Aksaray,Aylık Toplam Yağış Miktarı Ortalaması  (mm),40.2,34.8,41.1,45.6,43.3,29.4,7.0,5.3,12.1,23.3,31.7,45.9
68,Aksaray,En Yüksek Sıcaklık (°C),20.4,21.8,29.0,31.8,34.4,36.9,40.0,40.8,38.7,34.5,29.5,22.0
68,Aksaray,En Düşük Sıcaklık (°C),-26.4,-29.0,-19.0,-7.5,-0.2,2.9,6.8,5.9,1.0,-6.0,-14.0,-21.9
69,Bayburt,Ortalama Sıcaklık (°C),-6.2,-4.9,0.5,7.0,11.6,15.3,18.8,18.9,14.8,9.4,2.8,-3.0
69,Bayburt,Ortalama En Yüksek Sıcaklık (°C),-0.8,0.7,6.0,13.2,18.4,22.9,27.2,27.8,23.7,16.9,8.9,2.0
69,Bayburt,Ortalama En Düşük Sıcaklık (°C),-10.4,-9.2,-4.0,1.8,5.7,8.5,11.2,11.1,7.4,3.6,-1.7,-6.8
69,Bayburt,Ortalama Güneşlenme Süresi (saat),0.0,0.0,0.0,0.0,0.0,0.0,0.0,0.0,0.0,0.0,0.0,0.0
69,Bayburt,Ortalama Yağışlı Gün Sayısı,11.12,10.97,12.94,13.94,15.78,10.68,5.05,4.4,4.97,8.75,8.91,10.97
69,Bayburt,Aylık Toplam Yağış Miktarı Ortalaması  (mm),26.8,27.8,43.3,62.9,72.3,51.8,21.0,16.0,21.9,43.2,33.3,29.6
69,Bayburt,En Yüksek Sıcaklık (°C),11.0,13.9,21.2,25.3,31.3,34.7,37.0,38.4,34.4,28.8,20.7,18.2
69,Bayburt,En Düşük Sıcaklık (°C),-31.3,-27.6,-28.3,-12.7,-4.4,-1.6,0.2,2.4,-2.1,-10.6,-23.6,-29.0
70,Karaman,Ortalama Sıcaklık (°C),0.6,2.0,6.3,11.6,16.1,20.2,23.4,23.1,18.9,13.1,7.1,2.7
70,Karaman,Ortalama En Yüksek Sıcaklık (°C),5.6,7.4,12.5,18.2,23.3,27.7,31.1,31.1,27.2,20.8,13.7,7.7
70,Karaman,Ortalama En Düşük Sıcaklık (°C),-3.7,-2.6,0.6,5.1,8.9,12.6,15.3,14.8,10.5,5.8,1.3,-1.6
70,Karaman,Ortalama Güneşlenme Süresi (saat),3.5,4.6,6.2,7.8,9.7,11.5,12.6,11.9,10.2,7.4,5.4,3.5
70,Karaman,Ortalama Yağışlı Gün Sayısı,10.16,9.27,9.39,8.0,8.58,5.37,1.42,1.07,1.93,5.76,6.55,9.99
70,Karaman,Aylık Toplam Yağış Miktarı Ortalaması  (mm),42.9,34.7,37.3,35.6,34.1,24.7,5.2,6.3,8.6,27.9,32.9,46.5
70,Karaman,En Yüksek Sıcaklık (°C),21.2,22.3,28.7,32.3,34.4,37.5,40.4,41.4,39.1,34.0,26.2,22.3
70,Karaman,En Düşük Sıcaklık (°C),-26.8,-28.0,-20.2,-8.3,-3.1,3.1,6.4,3.6,-1.0,-8.5,-21.2,-26.1
71,Kırıkkale,Ortalama Sıcaklık (°C),0.4,2.4,6.8,12.0,16.7,20.8,24.2,24.2,19.7,13.7,7.1,2.6
71,Kırıkkale,Ortalama En Yüksek Sıcaklık (°C),4.4,7.3,12.7,18.4,23.3,27.7,31.1,31.2,27.2,20.9,12.9,6.4
71,Kırıkkale,Ortalama En Düşük Sıcaklık (°C),-2.7,-1.5,1.6,6.2,10.3,14.0,16.9,16.8,12.4,7.6,2.4,-0.5
71,Kırıkkale,Ortalama Güneşlenme Süresi (saat),2.8,4.3,5.5,7.0,8.6,10.2,11.6,11.0,8.9,6.6,4.5,2.5
71,Kırıkkale,Ortalama Yağışlı Gün Sayısı,11.7,10.26,10.49,11.51,11.79,8.77,3.08,2.7,3.67,6.52,8.16,10.61
71,Kırıkkale,Aylık Toplam Yağış Miktarı Ortalaması  (mm),43.4,30.3,36.7,42.7,51.8,39.4,11.3,11.9,14.8,27.8,31.8,43.8
71,Kırıkkale,En Yüksek Sıcaklık (°C),18.0,21.4,30.4,32.0,36.0,37.6,41.8,42.0,40.6,33.5,24.8,19.0
71,Kırıkkale,En Düşük Sıcaklık (°C),-22.4,-21.6,-19.8,-6.8,0.4,4.6,7.4,7.2,2.7,-5.0,-9.7,-18.0
72,Batman,Ortalama Sıcaklık (°C),2.5,4.6,9.2,14.4,19.4,26.0,30.2,29.6,24.3,17.4,9.7,4.4
72,Batman,Ortalama En Yüksek Sıcaklık (°C),7.8,10.7,15.9,21.7,27.8,35.1,39.5,39.5,34.6,26.7,17.0,9.7
72,Batman,Ortalama En Düşük Sıcaklık (°C),-1.5,0.0,3.7,7.9,11.4,15.9,20.3,19.7,15.0,10.1,4.2,0.5
72,Batman,Ortalama Güneşlenme Süresi (saat),3.3,4.7,5.5,7.4,9.2,11.6,12.0,11.2,9.9,7.1,5.2,3.0
72,Batman,Ortalama Yağışlı Gün Sayısı,11.15,10.43,11.91,11.28,8.42,2.17,0.4,0.37,1.08,5.8,7.54,10.11
72,Batman,Aylık Toplam Yağış Miktarı Ortalaması  (mm),60.4,64.7,76.3,72.7,46.5,8.5,1.7,1.9,4.8,34.0,55.0,62.4
72,Batman,En Yüksek Sıcaklık (°C),18.6,24.6,30.6,35.8,42.0,45.1,48.8,46.2,43.8,37.0,28.6,22.6
72,Batman,En Düşük Sıcaklık (°C),-24.0,-22.2,-17.0,-9.0,0.9,0.0,11.8,11.5,4.4,-3.0,-7.6,-23.0
73,Şırnak,Ortalama Sıcaklık (°C),2.5,3.7,7.4,12.5,18.3,24.7,29.1,28.9,24.6,17.5,9.9,4.9
73,Şırnak,Ortalama En Yüksek Sıcaklık (°C),6.0,7.4,11.3,16.6,22.6,29.4,33.9,33.8,29.4,21.8,13.7,8.3
73,Şırnak,Ortalama En Düşük Sıcaklık (°C),-0.7,0.3,3.7,8.3,13.5,19.6,23.9,23.9,19.7,13.2,6.2,1.6
73,Şırnak,Ortalama Güneşlenme Süresi (saat),3.5,4.7,5.1,7.2,8.5,10.6,11.2,10.7,10.2,7.2,5.3,3.7
73,Şırnak,Ortalama Yağışlı Gün Sayısı,9.97,10.26,11.66,10.76,7.66,1.79,0.53,0.39,0.84,6.0,7.63,9.58
73,Şırnak,Aylık Toplam Yağış Miktarı Ortalaması  (mm),93.2,99.8,117.8,106.2,55.9,5.7,3.7,0.6,8.8,47.2,81.5,92.0
73,Şırnak,En Yüksek Sıcaklık (°C),18.1,18.2,24.8,29.0,34.1,38.2,40.4,40.4,38.6,32.1,23.6,22.5
73,Şırnak,En Düşük Sıcaklık (°C),-14.5,-13.2,-11.2,-4.7,0.8,9.2,13.1,15.0,3.2,-0.5,-5.0,-10.8
74,Bartın,Ortalama Sıcaklık (°C),4.1,4.9,7.3,11.4,15.8,19.8,22.0,21.9,18.0,13.9,9.3,5.9
74,Bartın,Ortalama En Yüksek Sıcaklık (°C),9.4,10.7,13.4,18.1,22.4,26.2,28.3,28.5,25.2,20.7,16.1,11.4
74,Bartın,Ortalama En Düşük Sıcaklık (°C),0.4,0.7,2.5,6.0,10.0,13.6,15.8,15.8,12.2,8.9,4.7,2.1
74,Bartın,Ortalama Güneşlenme Süresi (saat),2.3,3.2,4.3,5.9,7.3,8.8,9.9,9.4,7.5,5.2,3.7,2.4
74,Bartın,Ortalama Yağışlı Gün Sayısı,16.45,14.65,14.15,12.05,10.5,9.03,6.92,6.42,8.55,11.77,13.0,17.23
74,Bartın,Aylık Toplam Yağış Miktarı Ortalaması  (mm),119.5,87.5,79.5,59.5,54.4,77.3,64.4,75.1,84.9,107.7,117.4,131.7
74,Bartın,En Yüksek Sıcaklık (°C),25.0,27.2,31.6,34.1,39.1,38.0,42.8,41.3,40.5,37.1,31.2,27.7
74,Bartın,En Düşük Sıcaklık (°C),-15.4,-18.6,-13.1,-4.5,-1.3,5.3,8.0,6.7,1.5,-3.2,-5.6,-10.6
75,Ardahan,Ortalama Sıcaklık (°C),-11.2,-10.0,-3.4,4.4,9.3,12.8,16.0,16.0,12.0,6.4,-0.2,-7.6
75,Ardahan,Ortalama En Yüksek Sıcaklık (°C),-4.8,-3.1,2.8,10.9,16.3,20.4,24.0,24.7,20.8,14.4,6.5,-1.8
75,Ardahan,Ortalama En Düşük Sıcaklık (°C),-16.6,-15.6,-8.7,-1.1,3.2,6.0,8.9,8.6,4.5,0.0,-5.4,-12.4
75,Ardahan,Ortalama Güneşlenme Süresi (saat),2.8,3.8,4.9,5.2,6.3,7.7,8.3,8.2,7.0,5.3,3.8,2.6
75,Ardahan,Ortalama Yağışlı Gün Sayısı,9.44,9.55,11.88,13.59,16.82,15.61,11.45,10.88,7.92,9.68,8.88,9.73
75,Ardahan,Aylık Toplam Yağış Miktarı Ortalaması  (mm),19.8,20.7,32.0,51.2,82.3,93.8,69.9,62.2,35.9,37.1,28.4,22.5
75,Ardahan,En Yüksek Sıcaklık (°C),11.1,11.0,18.4,25.0,28.9,33.1,34.3,35.0,32.1,26.0,18.7,14.3
75,Ardahan,En Düşük Sıcaklık (°C),-39.8,-38.7,-33.2,-19.0,-8.5,-4.5,-2.2,-2.8,-5.8,-15.0,-28.9,-36.3
76,Iğdır,Ortalama Sıcaklık (°C),-3.3,-0.2,6.4,13.1,17.8,22.3,26.0,25.4,20.5,13.2,6.0,-0.2
76,Iğdır,Ortalama En Yüksek Sıcaklık (°C),2.0,5.6,12.6,19.8,24.7,29.6,33.4,33.2,29.0,21.2,12.8,4.9
76,Iğdır,Ortalama En Düşük Sıcaklık (°C),-7.9,-5.3,0.3,6.2,10.7,14.5,18.1,17.3,12.4,6.2,0.4,-4.4
76,Iğdır,Ortalama Güneşlenme Süresi (saat),2.5,4.0,5.3,6.1,7.4,9.5,10.1,9.6,8.5,6.0,4.1,2.4
76,Iğdır,Ortalama Yağışlı Gün Sayısı,5.88,6.02,7.16,10.56,13.57,9.94,5.26,3.67,3.73,7.57,6.1,6.09
76,Iğdır,Aylık Toplam Yağış Miktarı Ortalaması  (mm),14.7,15.8,22.5,34.3,46.9,31.5,13.9,9.5,11.2,25.7,18.6,13.8
76,Iğdır,En Yüksek Sıcaklık (°C),18.3,22.2,29.5,33.4,35.9,39.2,41.5,42.0,38.4,33.0,26.2,22.2
76,Iğdır,En Düşük Sıcaklık (°C),-28.4,-28.0,-22.2,-7.6,0.1,2.4,8.0,7.2,1.6,-7.0,-15.6,-30.3
77,Yalova,Ortalama Sıcaklık (°C),6.6,7.0,8.4,12.2,16.8,21.1,23.5,23.5,20.1,16.1,12.1,8.8
77,Yalova,Ortalama En Yüksek Sıcaklık (°C),10.0,10.7,12.6,16.9,21.4,25.9,28.4,28.5,25.1,20.7,16.4,12.3
77,Yalova,Ortalama En Düşük Sıcaklık (°C),3.3,3.6,4.6,8.0,12.2,16.0,18.1,18.4,15.2,12.0,8.3,5.5
77,Yalova,Ortalama Güneşlenme Süresi (saat),2.1,3.2,4.2,5.7,7.6,8.7,9.4,8.8,7.2,4.9,2.8,1.7
77,Yalova,Ortalama Yağışlı Gün Sayısı,15.34,12.94,12.41,10.76,7.96,6.01,3.8,3.83,5.98,9.81,11.5,14.4
77,Yalova,Aylık Toplam Yağış Miktarı Ortalaması  (mm),91.8,72.7,73.2,51.9,39.0,41.1,24.6,31.2,53.6,82.5,81.5,112.8
77,Yalova,En Yüksek Sıcaklık (°C),25.9,27.2,32.0,36.5,37.0,42.1,39.2,40.2,37.5,36.6,32.8,27.4
77,Yalova,En Düşük Sıcaklık (°C),-9.6,-11.0,-7.4,-1.6,1.2,7.1,10.0,10.3,6.0,1.3,-3.2,-9.2
78,Karabük,Ortalama Sıcaklık (°C),3.2,4.9,8.0,12.9,17.7,21.1,24.2,24.1,19.8,14.6,8.6,4.7
78,Karabük,Ortalama En Yüksek Sıcaklık (°C),7.7,10.6,14.8,20.4,25.6,29.0,32.4,32.8,28.4,21.9,14.7,9.2
78,Karabük,Ortalama En Düşük Sıcaklık (°C),-0.4,0.5,2.7,6.9,10.9,14.0,16.6,16.6,12.8,8.9,3.9,1.1
78,Karabük,Ortalama Güneşlenme Süresi (saat),0.0,0.0,,,0.0,,,,0.0,,0.0,0.0
78,Karabük,Ortalama Yağışlı Gün Sayısı,10.76,9.51,10.36,10.53,10.4,7.96,4.71,4.18,5.18,7.22,8.13,10.27
78,Karabük,Aylık Toplam Yağış Miktarı Ortalaması  (mm),50.5,34.8,43.8,49.8,56.5,45.4,26.4,25.5,29.2,38.1,35.1,52.4
78,Karabük,En Yüksek Sıcaklık (°C),23.9,24.8,32.5,34.9,38.8,40.6,44.0,45.2,40.8,37.2,29.3,23.7
78,Karabük,En Düşük Sıcaklık (°C),-15.1,-14.2,-9.2,-5.8,0.1,4.6,8.9,8.9,3.4,-3.1,-6.4,-12.0
79,Kilis,Ortalama Sıcaklık (°C),5.8,7.1,10.7,15.5,20.7,25.3,28.2,28.1,25.2,20.0,13.0,7.7
79,Kilis,Ortalama En Yüksek Sıcaklık (°C),9.8,11.8,16.1,21.6,27.7,32.9,36.3,36.3,32.8,26.5,18.3,11.8
79,Kilis,Ortalama En Düşük Sıcaklık (°C),2.4,3.3,6.1,10.1,14.4,18.4,21.3,21.4,18.7,14.4,8.4,4.2
79,Kilis,Ortalama Güneşlenme Süresi (saat),3.8,4.8,6.0,7.8,9.3,11.1,11.6,11.0,9.8,7.2,5.3,3.7
79,Kilis,Ortalama Yağışlı Gün Sayısı,12.65,11.06,11.14,9.09,5.63,1.49,0.29,0.37,1.35,5.42,7.77,11.63
79,Kilis,Aylık Toplam Yağış Miktarı Ortalaması  (mm),84.2,70.8,68.9,47.8,26.5,9.0,2.9,6.8,6.5,33.6,56.2,86.1
79,Kilis,En Yüksek Sıcaklık (°C),20.9,25.1,28.8,35.4,40.2,42.5,44.2,47.6,42.5,36.5,29.9,26.3
79,Kilis,En Düşük Sıcaklık (°C),-12.0,-12.0,-6.8,-4.4,1.5,7.4,13.1,12.9,8.5,0.4,-4.4,-8.0
80,Osmaniye,Ortalama Sıcaklık (°C),8.8,10.2,13.1,17.2,21.4,25.2,28.0,28.6,25.8,21.2,14.7,10.3
80,Osmaniye,Ortalama En Yüksek Sıcaklık (°C),14.7,16.2,19.1,23.6,27.9,31.2,33.7,34.4,32.3,28.4,21.8,16.4
80,Osmaniye,Ortalama En Düşük Sıcaklık (°C),3.6,4.6,7.3,10.9,15.0,19.0,22.5,23.2,19.5,14.5,8.5,5.2
80,Osmaniye,Ortalama Güneşlenme Süresi (saat),2.6,3.0,4.0,4.8,5.9,6.3,6.3,6.0,5.6,4.4,3.1,2.6
80,Osmaniye,Ortalama Yağışlı Gün Sayısı,9.7,9.05,10.57,9.3,7.03,3.35,1.38,1.24,3.24,6.51,7.05,8.92
80,Osmaniye,Aylık Toplam Yağış Miktarı Ortalaması  (mm),105.0,94.5,117.8,81.0,69.9,40.4,17.5,10.8,34.9,66.7,89.4,88.9
80,Osmaniye,En Yüksek Sıcaklık (°C),24.9,28.0,32.0,36.5,41.7,42.6,42.8,45.6,45.0,38.4,31.7,29.0
80,Osmaniye,En Düşük Sıcaklık (°C),-8.5,-6.8,-4.0,0.1,4.6,11.5,15.0,15.0,7.8,4.1,-4.5,-5.4
81,Düzce,Ortalama Sıcaklık (°C),3.7,5.2,7.6,12.2,16.5,20.3,22.4,22.3,18.7,14.2,9.5,5.8
81,Düzce,Ortalama En Yüksek Sıcaklık (°C),8.3,10.5,13.6,19.0,23.4,27.1,29.1,29.3,26.0,20.9,15.7,10.4
81,Düzce,Ortalama En Düşük Sıcaklık (°C),0.5,1.4,3.5,7.2,11.3,14.8,16.9,17.0,13.5,9.8,5.3,2.5
81,Düzce,Ortalama Güneşlenme Süresi (saat),2.0,3.0,3.8,5.3,6.7,7.9,8.6,8.2,6.6,4.3,2.8,1.9
81,Düzce,Ortalama Yağışlı Gün Sayısı,15.14,13.43,13.78,12.32,11.68,9.86,6.2,5.98,7.65,10.83,11.78,15.29
81,Düzce,Aylık Toplam Yağış Miktarı Ortalaması  (mm),90.2,71.1,75.0,60.2,62.3,71.1,46.7,50.8,51.7,79.6,78.0,101.0
81,Düzce,En Yüksek Sıcaklık (°C),26.1,26.9,32.2,34.7,39.5,39.0,42.4,42.0,38.7,38.2,31.3,29.2
81,Düzce,En Düşük Sıcaklık (°C),-20.5,-17.3,-13.6,-3.0,0.4,6.6,8.8,7.6,4.5,-1.2,-6.8,-16.5
